2026/09/24 11:41:02.510, 347 MiB, 0 %, 43, 210 MHz, 2.22 W, 0x0000000000000001
2026/09/24 11:41:04.514, 347 MiB, 0 %, 43, 210 MHz, 2.21 W, 0x0000000000000001
2026/09/24 11:41:06.529, 489 MiB, 0 %, 42, 210 MHz, 2.22 W, 0x0000000000000001
2026/09/24 11:41:08.533, 553 MiB, 0 %, 44, 2130 MHz, 14.52 W, 0x0000000000000000
2026/09/24 11:41:10.545, 681 MiB, 68 %, 54, 2475 MHz, 44.47 W, 0x0000000000000000
2026/09/24 11:41:12.548, 681 MiB, 69 %, 56, 2475 MHz, 62.17 W, 0x0000000000000000
2026/09/24 11:41:14.556, 681 MiB, 70 %, 58, 2475 MHz, 63.06 W, 0x0000000000000000
2026/09/24 11:41:16.571, 681 MiB, 67 %, 59, 2460 MHz, 63.89 W, 0x0000000000000000
2026/09/24 11:41:18.583, 681 MiB, 69 %, 60, 2460 MHz, 64.04 W, 0x0000000000000000
2026/09/24 11:41:20.590, 681 MiB, 67 %, 61, 2460 MHz, 64.34 W, 0x0000000000000000
2026/09/24 11:41:22.596, 937 MiB, 69 %, 61, 2460 MHz, 62.12 W, 0x0000000000000000
2026/09/24 11:41:24.607, 937 MiB, 69 %, 62, 2460 MHz, 64.31 W, 0x0000000000000000
2026/09/24 11:41:26.619, 937 MiB, 68 %, 62, 2460 MHz, 64.24 W, 0x0000000000000000
2026/09/24 11:41:28.626, 937 MiB, 67 %, 63, 2460 MHz, 57.45 W, 0x0000000000000000
2026/09/24 11:41:30.642, 937 MiB, 69 %, 64, 2460 MHz, 64.96 W, 0x0000000000000000
2026/09/24 11:41:32.651, 937 MiB, 69 %, 64, 2460 MHz, 65.27 W, 0x0000000000000000
2026/09/24 11:41:34.667, 937 MiB, 70 %, 65, 2460 MHz, 65.45 W, 0x0000000000000000
2026/09/24 11:41:36.673, 937 MiB, 68 %, 66, 2460 MHz, 65.46 W, 0x0000000000000004
2026/09/24 11:41:38.680, 937 MiB, 69 %, 66, 2460 MHz, 65.71 W, 0x0000000000000004
2026/09/24 11:41:40.692, 937 MiB, 69 %, 67, 2460 MHz, 65.54 W, 0x0000000000000004
2026/09/24 11:41:42.695, 937 MiB, 33 %, 63, 2460 MHz, 45.72 W, 0x0000000000000000
2026/09/24 11:41:44.697, 937 MiB, 34 %, 60, 2175 MHz, 34.74 W, 0x0000000000000001
2026/09/24 11:41:46.711, 937 MiB, 35 %, 58, 1995 MHz, 29.43 W, 0x0000000000000001
2026/09/24 11:41:48.721, 937 MiB, 34 %, 58, 1950 MHz, 27.64 W, 0x0000000000000001
2026/09/24 11:41:50.728, 937 MiB, 35 %, 58, 1875 MHz, 27.59 W, 0x0000000000000001
2026/09/24 11:41:52.736, 937 MiB, 37 %, 58, 1800 MHz, 25.30 W, 0x0000000000000001
2026/09/24 11:41:54.744, 937 MiB, 41 %, 56, 1665 MHz, 22.60 W, 0x0000000000000001
2026/09/24 11:41:56.753, 937 MiB, 36 %, 56, 1530 MHz, 20.44 W, 0x0000000000000001
2026/09/24 11:41:58.761, 937 MiB, 39 %, 55, 1485 MHz, 19.53 W, 0x0000000000000001
2026/09/24 11:42:00.776, 937 MiB, 41 %, 55, 1455 MHz, 18.84 W, 0x0000000000000001
2026/09/24 11:42:02.780, 937 MiB, 37 %, 54, 1440 MHz, 18.54 W, 0x0000000000000001
2026/09/24 11:42:04.790, 937 MiB, 33 %, 54, 1425 MHz, 16.84 W, 0x0000000000000001
2026/09/24 11:42:06.800, 937 MiB, 38 %, 54, 1335 MHz, 17.86 W, 0x0000000000000001
2026/09/24 11:42:08.811, 937 MiB, 50 %, 53, 960 MHz, 15.04 W, 0x0000000000000001
2026/09/24 11:42:10.813, 937 MiB, 52 %, 53, 945 MHz, 14.30 W, 0x0000000000000001
2026/09/24 11:42:12.822, 937 MiB, 52 %, 52, 930 MHz, 14.08 W, 0x0000000000000001
2026/09/24 11:42:14.833, 937 MiB, 48 %, 52, 945 MHz, 13.66 W, 0x0000000000000001
2026/09/24 11:42:16.839, 937 MiB, 50 %, 52, 750 MHz, 12.86 W, 0x0000000000000001
2026/09/24 11:42:18.847, 937 MiB, 48 %, 51, 765 MHz, 12.62 W, 0x0000000000000001
2026/09/24 11:42:20.853, 937 MiB, 54 %, 51, 570 MHz, 12.14 W, 0x0000000000000001
2026/09/24 11:42:22.865, 937 MiB, 52 %, 51, 510 MHz, 11.56 W, 0x0000000000000001
2026/09/24 11:42:24.873, 937 MiB, 55 %, 51, 495 MHz, 11.38 W, 0x0000000000000001
2026/09/24 11:42:26.878, 937 MiB, 53 %, 50, 375 MHz, 10.52 W, 0x0000000000000001
2026/09/24 11:42:28.879, 937 MiB, 55 %, 50, 390 MHz, 9.58 W, 0x0000000000000001
2026/09/24 11:42:30.891, 937 MiB, 58 %, 50, 360 MHz, 9.27 W, 0x0000000000000001
2026/09/24 11:42:32.903, 937 MiB, 62 %, 49, 345 MHz, 8.31 W, 0x0000000000000001
2026/09/24 11:42:34.916, 937 MiB, 53 %, 49, 405 MHz, 9.39 W, 0x0000000000000001
2026/09/24 11:42:36.931, 937 MiB, 52 %, 49, 420 MHz, 9.56 W, 0x0000000000000001
2026/09/24 11:42:38.941, 937 MiB, 52 %, 49, 375 MHz, 7.97 W, 0x0000000000000001
2026/09/24 11:42:40.954, 937 MiB, 51 %, 49, 390 MHz, 7.31 W, 0x0000000000000001
2026/09/24 11:42:42.964, 937 MiB, 49 %, 48, 360 MHz, 7.16 W, 0x0000000000000001
2026/09/24 11:42:44.972, 937 MiB, 42 %, 48, 330 MHz, 7.01 W, 0x0000000000000001
2026/09/24 11:42:46.975, 937 MiB, 50 %, 48, 285 MHz, 6.73 W, 0x0000000000000001
2026/09/24 11:42:48.984, 937 MiB, 52 %, 48, 285 MHz, 6.74 W, 0x0000000000000001
2026/09/24 11:42:50.995, 937 MiB, 53 %, 48, 270 MHz, 6.72 W, 0x0000000000000001
2026/09/24 11:42:53.000, 937 MiB, 46 %, 47, 270 MHz, 6.53 W, 0x0000000000000001
2026/09/24 11:42:55.009, 937 MiB, 47 %, 47, 255 MHz, 6.49 W, 0x0000000000000001
2026/09/24 11:42:57.019, 937 MiB, 53 %, 47, 240 MHz, 6.47 W, 0x0000000000000001
2026/09/24 11:42:59.026, 937 MiB, 50 %, 47, 240 MHz, 6.43 W, 0x0000000000000001
2026/09/24 11:43:01.040, 347 MiB, 0 %, 46, 240 MHz, 4.36 W, 0x0000000000000001
2026/09/24 11:43:03.041, 841 MiB, 47 %, 49, 2130 MHz, 19.10 W, 0x0000000000000000
2026/09/24 11:43:05.048, 841 MiB, 78 %, 60, 2355 MHz, 66.65 W, 0x0000000000000004
2026/09/24 11:43:07.062, 841 MiB, 77 %, 60, 2340 MHz, 65.64 W, 0x0000000000000004
2026/09/24 11:43:09.075, 457 MiB, 5 %, 57, 2460 MHz, 54.42 W, 0x0000000000000000
2026/09/24 11:43:11.087, 681 MiB, 4 %, 52, 2130 MHz, 18.28 W, 0x0000000000000000
2026/09/24 11:43:13.090, 681 MiB, 58 %, 61, 2460 MHz, 61.46 W, 0x0000000000000000
2026/09/24 11:43:15.103, 681 MiB, 71 %, 63, 2460 MHz, 65.29 W, 0x0000000000000000
2026/09/24 11:43:17.110, 681 MiB, 68 %, 64, 2460 MHz, 65.77 W, 0x0000000000000000
2026/09/24 11:43:19.123, 681 MiB, 67 %, 64, 2460 MHz, 65.71 W, 0x0000000000000000
2026/09/24 11:43:21.134, 681 MiB, 68 %, 65, 2460 MHz, 66.06 W, 0x0000000000000004
2026/09/24 11:43:23.141, 681 MiB, 69 %, 66, 2460 MHz, 65.80 W, 0x0000000000000000
2026/09/24 11:43:25.149, 681 MiB, 68 %, 66, 2460 MHz, 66.26 W, 0x0000000000000004
2026/09/24 11:43:27.157, 681 MiB, 68 %, 67, 2460 MHz, 66.02 W, 0x0000000000000000
2026/09/24 11:43:29.166, 937 MiB, 69 %, 67, 2460 MHz, 66.24 W, 0x0000000000000000
2026/09/24 11:43:31.169, 937 MiB, 70 %, 68, 2460 MHz, 66.68 W, 0x0000000000000000
2026/09/24 11:43:33.178, 937 MiB, 69 %, 68, 2460 MHz, 66.34 W, 0x0000000000000000
2026/09/24 11:43:35.184, 937 MiB, 71 %, 69, 2460 MHz, 66.91 W, 0x0000000000000000
2026/09/24 11:43:37.197, 937 MiB, 70 %, 69, 2445 MHz, 66.66 W, 0x0000000000000000
2026/09/24 11:43:39.205, 937 MiB, 68 %, 69, 2460 MHz, 66.95 W, 0x0000000000000004
2026/09/24 11:43:41.217, 937 MiB, 70 %, 70, 2460 MHz, 66.87 W, 0x0000000000000000
2026/09/24 11:43:43.217, 937 MiB, 21 %, 68, 2460 MHz, 64.24 W, 0x0000000000000000
2026/09/24 11:43:45.232, 937 MiB, 69 %, 71, 2460 MHz, 67.38 W, 0x0000000000000004
2026/09/24 11:43:47.241, 937 MiB, 68 %, 71, 2460 MHz, 67.34 W, 0x0000000000000004
2026/09/24 11:43:49.251, 937 MiB, 70 %, 72, 2445 MHz, 67.58 W, 0x0000000000000004
2026/09/24 11:43:51.262, 937 MiB, 69 %, 71, 2460 MHz, 65.75 W, 0x0000000000000004
2026/09/24 11:43:53.277, 937 MiB, 71 %, 72, 2445 MHz, 67.40 W, 0x0000000000000004
2026/09/24 11:43:55.280, 937 MiB, 70 %, 72, 2445 MHz, 67.51 W, 0x0000000000000004
2026/09/24 11:43:57.288, 937 MiB, 70 %, 73, 2460 MHz, 67.50 W, 0x0000000000000004
2026/09/24 11:43:59.304, 937 MiB, 71 %, 73, 2430 MHz, 67.64 W, 0x0000000000000004
2026/09/24 11:44:01.305, 937 MiB, 70 %, 73, 2445 MHz, 67.39 W, 0x0000000000000004
2026/09/24 11:44:03.315, 937 MiB, 70 %, 73, 2415 MHz, 67.15 W, 0x0000000000000004
2026/09/24 11:44:05.322, 937 MiB, 68 %, 74, 2445 MHz, 67.54 W, 0x0000000000000004
2026/09/24 11:44:07.326, 937 MiB, 70 %, 74, 2445 MHz, 67.55 W, 0x0000000000000004
2026/09/24 11:44:09.342, 937 MiB, 69 %, 74, 2445 MHz, 67.50 W, 0x0000000000000004
2026/09/24 11:44:11.355, 937 MiB, 70 %, 74, 2430 MHz, 67.59 W, 0x0000000000000004
2026/09/24 11:44:13.362, 937 MiB, 71 %, 74, 2430 MHz, 67.57 W, 0x0000000000000004
2026/09/24 11:44:15.369, 937 MiB, 70 %, 75, 2445 MHz, 67.79 W, 0x0000000000000004
2026/09/24 11:44:17.377, 937 MiB, 47 %, 70, 2460 MHz, 45.06 W, 0x0000000000000000
2026/09/24 11:44:19.386, 937 MiB, 62 %, 72, 2460 MHz, 59.02 W, 0x0000000000000000
2026/09/24 11:44:21.391, 937 MiB, 58 %, 73, 2460 MHz, 56.89 W, 0x0000000000000000
2026/09/24 11:44:23.406, 937 MiB, 54 %, 72, 2460 MHz, 54.34 W, 0x0000000000000000
2026/09/24 11:44:25.413, 937 MiB, 53 %, 72, 2460 MHz, 54.09 W, 0x0000000000000000
2026/09/24 11:44:27.426, 937 MiB, 49 %, 71, 2460 MHz, 50.19 W, 0x0000000000000000
2026/09/24 11:44:29.440, 937 MiB, 49 %, 70, 2460 MHz, 48.85 W, 0x0000000000000000
2026/09/24 11:44:31.456, 937 MiB, 43 %, 69, 2460 MHz, 46.06 W, 0x0000000000000000
2026/09/24 11:44:33.457, 937 MiB, 41 %, 69, 2460 MHz, 43.74 W, 0x0000000000000000
2026/09/24 11:44:35.470, 937 MiB, 40 %, 68, 2460 MHz, 41.16 W, 0x0000000000000000
2026/09/24 11:44:37.485, 937 MiB, 37 %, 68, 2415 MHz, 40.11 W, 0x0000000000000001
2026/09/24 11:44:39.499, 937 MiB, 37 %, 66, 2265 MHz, 33.67 W, 0x0000000000000001
2026/09/24 11:44:41.508, 937 MiB, 37 %, 64, 2100 MHz, 29.29 W, 0x0000000000000001
2026/09/24 11:44:43.522, 937 MiB, 35 %, 63, 1905 MHz, 24.98 W, 0x0000000000000001
2026/09/24 11:44:45.534, 937 MiB, 31 %, 62, 1665 MHz, 20.28 W, 0x0000000000000001
2026/09/24 11:44:47.539, 937 MiB, 36 %, 60, 1455 MHz, 16.39 W, 0x0000000000000001
2026/09/24 11:44:49.549, 937 MiB, 38 %, 59, 1365 MHz, 15.96 W, 0x0000000000000001
2026/09/24 11:44:51.556, 937 MiB, 44 %, 59, 1125 MHz, 13.70 W, 0x0000000000000001
2026/09/24 11:44:53.566, 937 MiB, 46 %, 58, 1095 MHz, 13.01 W, 0x0000000000000001
2026/09/24 11:44:55.578, 937 MiB, 46 %, 57, 1125 MHz, 13.49 W, 0x0000000000000001
2026/09/24 11:44:57.587, 937 MiB, 43 %, 57, 1140 MHz, 13.20 W, 0x0000000000000001
2026/09/24 11:44:59.594, 937 MiB, 46 %, 56, 1095 MHz, 12.83 W, 0x0000000000000001
2026/09/24 11:45:01.607, 937 MiB, 45 %, 56, 1080 MHz, 12.74 W, 0x0000000000000001
2026/09/24 11:45:03.615, 937 MiB, 47 %, 56, 1050 MHz, 12.73 W, 0x0000000000000001
2026/09/24 11:45:05.626, 937 MiB, 45 %, 55, 1080 MHz, 12.74 W, 0x0000000000000001
2026/09/24 11:45:07.636, 937 MiB, 44 %, 55, 1125 MHz, 12.73 W, 0x0000000000000001
2026/09/24 11:45:09.649, 937 MiB, 45 %, 55, 945 MHz, 12.04 W, 0x0000000000000001
2026/09/24 11:45:11.658, 937 MiB, 39 %, 54, 735 MHz, 11.54 W, 0x0000000000000001
2026/09/24 11:45:13.660, 937 MiB, 50 %, 54, 690 MHz, 11.20 W, 0x0000000000000001
2026/09/24 11:45:15.666, 937 MiB, 45 %, 53, 825 MHz, 11.53 W, 0x0000000000000001
2026/09/24 11:45:17.676, 937 MiB, 39 %, 53, 735 MHz, 11.49 W, 0x0000000000000001
2026/09/24 11:45:19.682, 937 MiB, 43 %, 53, 780 MHz, 10.97 W, 0x0000000000000001
2026/09/24 11:45:21.687, 937 MiB, 41 %, 52, 645 MHz, 10.89 W, 0x0000000000000001
2026/09/24 11:45:23.698, 841 MiB, 0 %, 53, 2130 MHz, 13.88 W, 0x0000000000000000
2026/09/24 11:45:25.700, 841 MiB, 76 %, 64, 2310 MHz, 66.70 W, 0x0000000000000004
2026/09/24 11:45:27.701, 841 MiB, 40 %, 64, 2325 MHz, 61.22 W, 0x0000000000000004
2026/09/24 11:45:29.714, 347 MiB, 0 %, 58, 2460 MHz, 51.90 W, 0x0000000000000000
2026/09/24 11:45:31.724, 585 MiB, 0 %, 56, 2130 MHz, 17.62 W, 0x0000000000000000
2026/09/24 11:45:33.732, 681 MiB, 68 %, 65, 2460 MHz, 48.34 W, 0x0000000000000000
2026/09/24 11:45:35.742, 681 MiB, 55 %, 66, 2460 MHz, 56.98 W, 0x0000000000000004
2026/09/24 11:45:37.758, 681 MiB, 70 %, 67, 2460 MHz, 63.04 W, 0x0000000000000004
2026/09/24 11:45:39.762, 681 MiB, 68 %, 69, 2445 MHz, 66.46 W, 0x0000000000000004
2026/09/24 11:45:41.767, 681 MiB, 69 %, 69, 2460 MHz, 66.82 W, 0x0000000000000004
2026/09/24 11:45:43.769, 681 MiB, 70 %, 69, 2460 MHz, 66.79 W, 0x0000000000000004
2026/09/24 11:45:45.777, 681 MiB, 72 %, 70, 2445 MHz, 67.38 W, 0x0000000000000004
2026/09/24 11:45:47.779, 681 MiB, 69 %, 70, 2460 MHz, 67.22 W, 0x0000000000000004
2026/09/24 11:45:49.787, 681 MiB, 69 %, 71, 2445 MHz, 67.38 W, 0x0000000000000004
2026/09/24 11:45:51.793, 681 MiB, 69 %, 71, 2460 MHz, 67.18 W, 0x0000000000000004
2026/09/24 11:45:53.799, 937 MiB, 68 %, 71, 2460 MHz, 62.31 W, 0x0000000000000004
2026/09/24 11:45:55.806, 937 MiB, 71 %, 72, 2460 MHz, 67.27 W, 0x0000000000000004
2026/09/24 11:45:57.809, 937 MiB, 69 %, 72, 2460 MHz, 67.24 W, 0x0000000000000000
2026/09/24 11:45:59.824, 937 MiB, 71 %, 72, 2445 MHz, 67.36 W, 0x0000000000000004
2026/09/24 11:46:01.829, 937 MiB, 69 %, 73, 2430 MHz, 67.53 W, 0x0000000000000004
2026/09/24 11:46:03.833, 937 MiB, 70 %, 73, 2400 MHz, 67.72 W, 0x0000000000000000
2026/09/24 11:46:05.848, 937 MiB, 71 %, 74, 2445 MHz, 67.59 W, 0x0000000000000004
2026/09/24 11:46:07.861, 937 MiB, 68 %, 74, 2445 MHz, 67.70 W, 0x0000000000000004
2026/09/24 11:46:09.871, 937 MiB, 19 %, 73, 2430 MHz, 64.55 W, 0x0000000000000000
2026/09/24 11:46:11.877, 937 MiB, 69 %, 74, 2415 MHz, 65.39 W, 0x0000000000000004
2026/09/24 11:46:13.886, 937 MiB, 68 %, 74, 2460 MHz, 63.95 W, 0x0000000000000004
2026/09/24 11:46:15.888, 937 MiB, 70 %, 75, 2415 MHz, 67.71 W, 0x0000000000000004
2026/09/24 11:46:17.898, 937 MiB, 68 %, 75, 2460 MHz, 67.78 W, 0x0000000000000004
2026/09/24 11:46:19.906, 937 MiB, 71 %, 75, 2430 MHz, 67.89 W, 0x0000000000000004
2026/09/24 11:46:21.906, 937 MiB, 70 %, 75, 2460 MHz, 67.56 W, 0x0000000000000004
2026/09/24 11:46:23.915, 937 MiB, 65 %, 75, 2430 MHz, 67.54 W, 0x0000000000000004
2026/09/24 11:46:25.921, 937 MiB, 70 %, 75, 2415 MHz, 67.87 W, 0x0000000000000004
2026/09/24 11:46:27.926, 937 MiB, 70 %, 76, 2460 MHz, 67.91 W, 0x0000000000000004
2026/09/24 11:46:29.933, 937 MiB, 70 %, 76, 2415 MHz, 67.94 W, 0x0000000000000004
2026/09/24 11:46:31.941, 937 MiB, 68 %, 76, 2445 MHz, 67.87 W, 0x0000000000000004
2026/09/24 11:46:33.945, 937 MiB, 69 %, 76, 2445 MHz, 67.95 W, 0x0000000000000004
2026/09/24 11:46:35.958, 937 MiB, 68 %, 77, 2430 MHz, 67.78 W, 0x0000000000000004
2026/09/24 11:46:37.967, 937 MiB, 70 %, 76, 2400 MHz, 67.95 W, 0x0000000000000004
2026/09/24 11:46:39.983, 937 MiB, 70 %, 77, 2445 MHz, 67.84 W, 0x0000000000000004
2026/09/24 11:46:41.987, 937 MiB, 68 %, 77, 2430 MHz, 67.77 W, 0x0000000000000004
2026/09/24 11:46:43.998, 937 MiB, 69 %, 77, 2400 MHz, 67.43 W, 0x0000000000000004
2026/09/24 11:46:46.014, 937 MiB, 70 %, 77, 2445 MHz, 67.90 W, 0x0000000000000004
2026/09/24 11:46:48.025, 937 MiB, 68 %, 77, 2430 MHz, 67.48 W, 0x0000000000000004
2026/09/24 11:46:50.038, 937 MiB, 69 %, 77, 2415 MHz, 68.02 W, 0x0000000000000004
2026/09/24 11:46:52.046, 937 MiB, 68 %, 77, 2445 MHz, 68.00 W, 0x0000000000000004
2026/09/24 11:46:54.053, 937 MiB, 69 %, 77, 2400 MHz, 67.85 W, 0x0000000000000004
2026/09/24 11:46:56.057, 937 MiB, 69 %, 78, 2415 MHz, 67.79 W, 0x0000000000000004
2026/09/24 11:46:58.058, 937 MiB, 69 %, 78, 2430 MHz, 67.66 W, 0x0000000000000004
2026/09/24 11:47:00.073, 937 MiB, 67 %, 78, 2430 MHz, 67.98 W, 0x0000000000000004
2026/09/24 11:47:02.087, 937 MiB, 69 %, 77, 2400 MHz, 67.96 W, 0x0000000000000004
2026/09/24 11:47:04.096, 937 MiB, 69 %, 77, 2415 MHz, 67.54 W, 0x0000000000000004
2026/09/24 11:47:06.101, 937 MiB, 62 %, 77, 2460 MHz, 63.67 W, 0x0000000000000000
2026/09/24 11:47:08.105, 937 MiB, 59 %, 76, 2430 MHz, 63.01 W, 0x0000000000000004
2026/09/24 11:47:10.120, 937 MiB, 69 %, 78, 2445 MHz, 67.96 W, 0x0000000000000004
2026/09/24 11:47:12.125, 937 MiB, 67 %, 78, 2415 MHz, 67.97 W, 0x0000000000000004
2026/09/24 11:47:14.129, 937 MiB, 69 %, 77, 2400 MHz, 67.08 W, 0x0000000000000004
2026/09/24 11:47:16.139, 937 MiB, 68 %, 78, 2415 MHz, 67.87 W, 0x0000000000000004
2026/09/24 11:47:18.142, 937 MiB, 69 %, 78, 2400 MHz, 67.82 W, 0x0000000000000004
2026/09/24 11:47:20.155, 937 MiB, 68 %, 77, 2400 MHz, 68.03 W, 0x0000000000000004
2026/09/24 11:47:22.164, 937 MiB, 70 %, 78, 2445 MHz, 67.81 W, 0x0000000000000004
2026/09/24 11:47:24.166, 937 MiB, 68 %, 78, 2415 MHz, 67.92 W, 0x0000000000000004
2026/09/24 11:47:26.181, 937 MiB, 70 %, 78, 2415 MHz, 67.91 W, 0x0000000000000004
2026/09/24 11:47:28.188, 937 MiB, 70 %, 79, 2445 MHz, 67.93 W, 0x0000000000000004
2026/09/24 11:47:30.203, 937 MiB, 70 %, 79, 2430 MHz, 67.69 W, 0x0000000000000004
2026/09/24 11:47:32.216, 937 MiB, 67 %, 78, 2415 MHz, 67.58 W, 0x0000000000000004
2026/09/24 11:47:34.231, 937 MiB, 69 %, 78, 2400 MHz, 67.88 W, 0x0000000000000004
2026/09/24 11:47:36.235, 937 MiB, 70 %, 79, 2400 MHz, 67.91 W, 0x0000000000000004
2026/09/24 11:47:38.244, 937 MiB, 69 %, 79, 2460 MHz, 67.85 W, 0x0000000000000004
2026/09/24 11:47:40.249, 937 MiB, 70 %, 79, 2430 MHz, 68.01 W, 0x0000000000000004
2026/09/24 11:47:42.254, 937 MiB, 68 %, 79, 2460 MHz, 67.94 W, 0x0000000000000004
2026/09/24 11:47:44.256, 937 MiB, 30 %, 73, 2460 MHz, 44.40 W, 0x0000000000000000
2026/09/24 11:47:46.262, 937 MiB, 32 %, 72, 2460 MHz, 49.69 W, 0x0000000000000000
2026/09/24 11:47:48.267, 937 MiB, 31 %, 71, 2340 MHz, 43.15 W, 0x0000000000000001
2026/09/24 11:47:50.276, 937 MiB, 35 %, 70, 2130 MHz, 35.26 W, 0x0000000000000001
2026/09/24 11:47:52.290, 937 MiB, 41 %, 69, 1980 MHz, 30.81 W, 0x0000000000000001
2026/09/24 11:47:54.301, 937 MiB, 36 %, 67, 1905 MHz, 29.65 W, 0x0000000000000001
2026/09/24 11:47:56.312, 937 MiB, 35 %, 66, 1890 MHz, 28.52 W, 0x0000000000000001
2026/09/24 11:47:58.322, 937 MiB, 35 %, 66, 1950 MHz, 29.10 W, 0x0000000000000001
2026/09/24 11:48:00.333, 937 MiB, 36 %, 66, 1935 MHz, 28.89 W, 0x0000000000000001
2026/09/24 11:48:02.341, 937 MiB, 36 %, 65, 1830 MHz, 27.67 W, 0x0000000000000001
2026/09/24 11:48:04.350, 937 MiB, 35 %, 65, 1935 MHz, 28.68 W, 0x0000000000000001
2026/09/24 11:48:06.354, 937 MiB, 43 %, 65, 1890 MHz, 27.95 W, 0x0000000000000001
2026/09/24 11:48:08.365, 937 MiB, 34 %, 64, 1935 MHz, 28.73 W, 0x0000000000000001
2026/09/24 11:48:10.373, 937 MiB, 40 %, 64, 1875 MHz, 28.25 W, 0x0000000000000001
2026/09/24 11:48:12.383, 937 MiB, 42 %, 64, 1935 MHz, 27.44 W, 0x0000000000000001
2026/09/24 11:48:14.391, 937 MiB, 34 %, 64, 2160 MHz, 31.34 W, 0x0000000000000001
2026/09/24 11:48:16.399, 937 MiB, 35 %, 63, 1875 MHz, 27.95 W, 0x0000000000000001
2026/09/24 11:48:18.404, 937 MiB, 35 %, 63, 1935 MHz, 28.15 W, 0x0000000000000001
2026/09/24 11:48:20.418, 937 MiB, 42 %, 63, 1845 MHz, 27.88 W, 0x0000000000000001
2026/09/24 11:48:22.427, 937 MiB, 35 %, 62, 1935 MHz, 28.08 W, 0x0000000000000001
2026/09/24 11:48:24.438, 937 MiB, 34 %, 62, 1935 MHz, 27.89 W, 0x0000000000000001
2026/09/24 11:48:26.441, 937 MiB, 41 %, 63, 1890 MHz, 28.74 W, 0x0000000000000001
2026/09/24 11:48:28.447, 937 MiB, 37 %, 62, 1875 MHz, 26.77 W, 0x0000000000000001
2026/09/24 11:48:30.456, 937 MiB, 35 %, 61, 1725 MHz, 24.70 W, 0x0000000000000001
2026/09/24 11:48:32.457, 937 MiB, 39 %, 61, 1755 MHz, 23.80 W, 0x0000000000000001
2026/09/24 11:48:34.469, 937 MiB, 34 %, 60, 1740 MHz, 23.76 W, 0x0000000000000001
2026/09/24 11:48:36.479, 937 MiB, 33 %, 59, 1665 MHz, 22.83 W, 0x0000000000000001
2026/09/24 11:48:38.483, 937 MiB, 42 %, 59, 1575 MHz, 21.38 W, 0x0000000000000001
2026/09/24 11:48:40.484, 937 MiB, 36 %, 59, 1590 MHz, 21.31 W, 0x0000000000000001
2026/09/24 11:48:42.498, 937 MiB, 41 %, 59, 1500 MHz, 20.49 W, 0x0000000000000001
2026/09/24 11:48:44.503, 937 MiB, 37 %, 58, 1545 MHz, 20.57 W, 0x0000000000000001
2026/09/24 11:48:46.505, 937 MiB, 35 %, 58, 1530 MHz, 20.30 W, 0x0000000000000001
2026/09/24 11:48:48.513, 937 MiB, 40 %, 58, 1485 MHz, 20.61 W, 0x0000000000000001
2026/09/24 11:48:50.517, 937 MiB, 38 %, 58, 1545 MHz, 20.45 W, 0x0000000000000001
2026/09/24 11:48:52.523, 937 MiB, 35 %, 57, 1425 MHz, 19.75 W, 0x0000000000000001
2026/09/24 11:48:54.529, 937 MiB, 38 %, 57, 1485 MHz, 19.91 W, 0x0000000000000001
2026/09/24 11:48:56.540, 937 MiB, 36 %, 57, 1410 MHz, 19.33 W, 0x0000000000000001
2026/09/24 11:48:58.552, 937 MiB, 39 %, 57, 1470 MHz, 20.07 W, 0x0000000000000001
2026/09/24 11:49:00.564, 937 MiB, 34 %, 57, 1500 MHz, 19.78 W, 0x0000000000000001
2026/09/24 11:49:02.567, 937 MiB, 42 %, 57, 1440 MHz, 19.44 W, 0x0000000000000001
2026/09/24 11:49:04.572, 937 MiB, 35 %, 56, 1485 MHz, 19.35 W, 0x0000000000000001
2026/09/24 11:49:06.573, 937 MiB, 34 %, 56, 1455 MHz, 18.52 W, 0x0000000000000001
2026/09/24 11:49:08.586, 937 MiB, 34 %, 56, 1470 MHz, 17.89 W, 0x0000000000000001
2026/09/24 11:49:10.595, 937 MiB, 36 %, 55, 1410 MHz, 16.65 W, 0x0000000000000001
2026/09/24 11:49:12.609, 937 MiB, 44 %, 55, 975 MHz, 15.42 W, 0x0000000000000001
2026/09/24 11:49:14.615, 937 MiB, 55 %, 54, 1170 MHz, 15.23 W, 0x0000000000000001
2026/09/24 11:49:16.626, 937 MiB, 50 %, 54, 990 MHz, 14.90 W, 0x0000000000000001
2026/09/24 11:49:18.635, 937 MiB, 54 %, 54, 990 MHz, 14.92 W, 0x0000000000000001
2026/09/24 11:49:20.642, 937 MiB, 53 %, 54, 1020 MHz, 14.98 W, 0x0000000000000001
2026/09/24 11:49:22.648, 937 MiB, 49 %, 54, 1065 MHz, 14.80 W, 0x0000000000000001
2026/09/24 11:49:24.654, 937 MiB, 50 %, 54, 990 MHz, 14.87 W, 0x0000000000000001
2026/09/24 11:49:26.662, 937 MiB, 56 %, 53, 900 MHz, 14.40 W, 0x0000000000000001
2026/09/24 11:49:28.677, 937 MiB, 52 %, 53, 990 MHz, 14.37 W, 0x0000000000000001
2026/09/24 11:49:30.683, 937 MiB, 53 %, 53, 975 MHz, 14.37 W, 0x0000000000000001
2026/09/24 11:49:32.689, 937 MiB, 48 %, 53, 1020 MHz, 14.35 W, 0x0000000000000001
2026/09/24 11:49:34.695, 937 MiB, 50 %, 53, 960 MHz, 14.34 W, 0x0000000000000001
2026/09/24 11:49:36.699, 937 MiB, 53 %, 52, 900 MHz, 14.28 W, 0x0000000000000001
2026/09/24 11:49:38.706, 937 MiB, 49 %, 52, 945 MHz, 13.68 W, 0x0000000000000001
2026/09/24 11:49:40.713, 937 MiB, 48 %, 52, 900 MHz, 13.93 W, 0x0000000000000001
2026/09/24 11:49:42.723, 937 MiB, 49 %, 52, 945 MHz, 13.98 W, 0x0000000000000001
2026/09/24 11:49:44.729, 937 MiB, 54 %, 52, 870 MHz, 13.96 W, 0x0000000000000001
2026/09/24 11:49:46.734, 937 MiB, 52 %, 52, 915 MHz, 14.05 W, 0x0000000000000001
2026/09/24 11:49:48.750, 937 MiB, 51 %, 52, 900 MHz, 13.91 W, 0x0000000000000001
2026/09/24 11:49:50.760, 937 MiB, 56 %, 52, 840 MHz, 13.94 W, 0x0000000000000001
2026/09/24 11:49:52.762, 937 MiB, 50 %, 51, 915 MHz, 13.23 W, 0x0000000000000001
2026/09/24 11:49:54.772, 937 MiB, 48 %, 51, 870 MHz, 13.52 W, 0x0000000000000001
2026/09/24 11:49:56.783, 937 MiB, 48 %, 51, 870 MHz, 13.49 W, 0x0000000000000001
2026/09/24 11:49:58.788, 937 MiB, 54 %, 51, 855 MHz, 13.46 W, 0x0000000000000001
2026/09/24 11:50:00.799, 937 MiB, 54 %, 51, 855 MHz, 13.37 W, 0x0000000000000001
2026/09/24 11:50:02.809, 937 MiB, 50 %, 51, 885 MHz, 13.44 W, 0x0000000000000001
2026/09/24 11:50:04.819, 937 MiB, 50 %, 50, 795 MHz, 12.84 W, 0x0000000000000001
2026/09/24 11:50:06.829, 937 MiB, 48 %, 50, 750 MHz, 12.82 W, 0x0000000000000001
2026/09/24 11:50:08.835, 937 MiB, 50 %, 50, 780 MHz, 12.86 W, 0x0000000000000001
2026/09/24 11:50:10.842, 937 MiB, 53 %, 50, 750 MHz, 12.82 W, 0x0000000000000001
2026/09/24 11:50:12.853, 937 MiB, 54 %, 50, 795 MHz, 12.88 W, 0x0000000000000001
2026/09/24 11:50:14.862, 937 MiB, 47 %, 50, 825 MHz, 12.77 W, 0x0000000000000001
2026/09/24 11:50:16.872, 937 MiB, 47 %, 50, 780 MHz, 12.79 W, 0x0000000000000001
2026/09/24 11:50:18.885, 937 MiB, 49 %, 50, 735 MHz, 12.77 W, 0x0000000000000001
2026/09/24 11:50:20.898, 937 MiB, 48 %, 50, 750 MHz, 12.64 W, 0x0000000000000001
2026/09/24 11:50:22.907, 937 MiB, 54 %, 50, 735 MHz, 12.72 W, 0x0000000000000001
2026/09/24 11:50:24.918, 937 MiB, 55 %, 50, 720 MHz, 12.69 W, 0x0000000000000001
2026/09/24 11:50:26.928, 937 MiB, 54 %, 49, 750 MHz, 12.81 W, 0x0000000000000001
2026/09/24 11:50:28.937, 937 MiB, 51 %, 49, 765 MHz, 12.71 W, 0x0000000000000001
2026/09/24 11:50:30.946, 937 MiB, 55 %, 49, 705 MHz, 12.69 W, 0x0000000000000001
2026/09/24 11:50:32.951, 937 MiB, 53 %, 49, 705 MHz, 12.52 W, 0x0000000000000001
2026/09/24 11:50:34.962, 937 MiB, 54 %, 49, 690 MHz, 12.38 W, 0x0000000000000001
2026/09/24 11:50:36.973, 937 MiB, 54 %, 49, 645 MHz, 12.08 W, 0x0000000000000001
2026/09/24 11:50:38.979, 937 MiB, 51 %, 48, 690 MHz, 12.10 W, 0x0000000000000001
2026/09/24 11:50:40.988, 937 MiB, 48 %, 48, 660 MHz, 11.90 W, 0x0000000000000001
2026/09/24 11:50:42.994, 937 MiB, 50 %, 48, 585 MHz, 11.80 W, 0x0000000000000001
2026/09/24 11:50:45.003, 937 MiB, 57 %, 48, 555 MHz, 11.80 W, 0x0000000000000001
2026/09/24 11:50:47.009, 937 MiB, 55 %, 48, 630 MHz, 11.78 W, 0x0000000000000001
2026/09/24 11:50:49.014, 937 MiB, 46 %, 48, 630 MHz, 11.83 W, 0x0000000000000001
2026/09/24 11:50:51.022, 937 MiB, 50 %, 48, 540 MHz, 11.54 W, 0x0000000000000001
2026/09/24 11:50:53.023, 937 MiB, 50 %, 48, 525 MHz, 11.44 W, 0x0000000000000001
2026/09/24 11:50:55.027, 937 MiB, 53 %, 47, 510 MHz, 11.18 W, 0x0000000000000001
2026/09/24 11:50:57.037, 937 MiB, 53 %, 47, 435 MHz, 11.07 W, 0x0000000000000001
2026/09/24 11:50:59.044, 937 MiB, 48 %, 47, 480 MHz, 9.31 W, 0x0000000000000001
2026/09/24 11:51:01.049, 937 MiB, 50 %, 47, 435 MHz, 11.01 W, 0x0000000000000001
2026/09/24 11:51:03.058, 937 MiB, 57 %, 47, 405 MHz, 10.73 W, 0x0000000000000001
2026/09/24 11:51:05.073, 937 MiB, 52 %, 47, 450 MHz, 11.16 W, 0x0000000000000001
2026/09/24 11:51:07.076, 937 MiB, 36 %, 47, 405 MHz, 10.59 W, 0x0000000000000001
2026/09/24 11:51:09.085, 937 MiB, 44 %, 46, 450 MHz, 9.06 W, 0x0000000000000001
2026/09/24 11:51:11.093, 937 MiB, 46 %, 46, 435 MHz, 9.03 W, 0x0000000000000001
2026/09/24 11:51:13.100, 937 MiB, 58 %, 46, 360 MHz, 9.40 W, 0x0000000000000001
2026/09/24 11:51:15.110, 937 MiB, 55 %, 46, 390 MHz, 9.01 W, 0x0000000000000001
2026/09/24 11:51:17.121, 937 MiB, 54 %, 46, 390 MHz, 8.91 W, 0x0000000000000001
2026/09/24 11:51:19.130, 937 MiB, 44 %, 46, 390 MHz, 9.36 W, 0x0000000000000001
2026/09/24 11:51:21.131, 937 MiB, 56 %, 46, 375 MHz, 9.23 W, 0x0000000000000001
2026/09/24 11:51:23.138, 937 MiB, 53 %, 46, 375 MHz, 7.29 W, 0x0000000000000001
2026/09/24 11:51:25.144, 937 MiB, 47 %, 45, 360 MHz, 6.91 W, 0x0000000000000001
2026/09/24 11:51:27.148, 937 MiB, 52 %, 45, 240 MHz, 6.59 W, 0x0000000000000001
2026/09/24 11:51:29.154, 937 MiB, 51 %, 45, 255 MHz, 6.41 W, 0x0000000000000001
2026/09/24 11:51:31.161, 937 MiB, 52 %, 45, 210 MHz, 6.32 W, 0x0000000000000001
2026/09/24 11:51:33.172, 937 MiB, 45 %, 45, 240 MHz, 6.29 W, 0x0000000000000001
2026/09/24 11:51:35.175, 937 MiB, 50 %, 45, 225 MHz, 6.23 W, 0x0000000000000001
2026/09/24 11:51:37.181, 937 MiB, 52 %, 45, 225 MHz, 6.24 W, 0x0000000000000001
2026/09/24 11:51:39.195, 937 MiB, 52 %, 44, 225 MHz, 6.22 W, 0x0000000000000001
2026/09/24 11:51:41.197, 937 MiB, 46 %, 44, 225 MHz, 6.26 W, 0x0000000000000001
2026/09/24 11:51:43.204, 937 MiB, 50 %, 44, 225 MHz, 6.19 W, 0x0000000000000001
2026/09/24 11:51:45.210, 937 MiB, 50 %, 44, 225 MHz, 6.21 W, 0x0000000000000001
2026/09/24 11:51:47.217, 937 MiB, 50 %, 44, 225 MHz, 6.21 W, 0x0000000000000001
2026/09/24 11:51:49.228, 937 MiB, 47 %, 44, 225 MHz, 6.26 W, 0x0000000000000001
2026/09/24 11:51:51.239, 841 MiB, 0 %, 45, 2130 MHz, 9.62 W, 0x0000000000000000
2026/09/24 11:51:53.241, 841 MiB, 76 %, 55, 2400 MHz, 61.02 W, 0x0000000000000004
2026/09/24 11:51:55.244, 841 MiB, 77 %, 57, 2385 MHz, 58.94 W, 0x0000000000000004
2026/09/24 11:51:57.247, 841 MiB, 77 %, 59, 2370 MHz, 67.92 W, 0x0000000000000004
2026/09/24 11:51:59.258, 489 MiB, 2 %, 50, 2475 MHz, 17.68 W, 0x0000000000000000
2026/09/24 11:52:01.260, 681 MiB, 69 %, 55, 2475 MHz, 42.32 W, 0x0000000000000000
2026/09/24 11:52:03.270, 681 MiB, 68 %, 59, 2475 MHz, 51.36 W, 0x0000000000000000
2026/09/24 11:52:05.284, 681 MiB, 69 %, 60, 2475 MHz, 58.98 W, 0x0000000000000004
2026/09/24 11:52:07.294, 681 MiB, 71 %, 62, 2460 MHz, 65.04 W, 0x0000000000000000
2026/09/24 11:52:09.309, 681 MiB, 69 %, 62, 2460 MHz, 65.25 W, 0x0000000000000004
2026/09/24 11:52:11.310, 681 MiB, 68 %, 63, 2460 MHz, 64.94 W, 0x0000000000000000
2026/09/24 11:52:13.319, 681 MiB, 67 %, 63, 2460 MHz, 60.82 W, 0x0000000000000000
2026/09/24 11:52:15.326, 681 MiB, 67 %, 64, 2460 MHz, 65.50 W, 0x0000000000000000
2026/09/24 11:52:17.328, 681 MiB, 70 %, 65, 2460 MHz, 65.94 W, 0x0000000000000000
2026/09/24 11:52:19.329, 681 MiB, 69 %, 65, 2460 MHz, 65.99 W, 0x0000000000000004
2026/09/24 11:52:21.341, 681 MiB, 68 %, 66, 2460 MHz, 66.16 W, 0x0000000000000000
2026/09/24 11:52:23.345, 681 MiB, 70 %, 66, 2460 MHz, 65.63 W, 0x0000000000000000
2026/09/24 11:52:25.354, 681 MiB, 69 %, 67, 2460 MHz, 66.48 W, 0x0000000000000004
2026/09/24 11:52:27.357, 681 MiB, 68 %, 67, 2460 MHz, 66.32 W, 0x0000000000000004
2026/09/24 11:52:29.361, 681 MiB, 69 %, 68, 2460 MHz, 62.52 W, 0x0000000000000000
2026/09/24 11:52:31.374, 937 MiB, 69 %, 69, 2460 MHz, 66.49 W, 0x0000000000000004
2026/09/24 11:52:33.381, 937 MiB, 70 %, 69, 2460 MHz, 66.87 W, 0x0000000000000004
2026/09/24 11:52:35.386, 937 MiB, 70 %, 69, 2445 MHz, 67.35 W, 0x0000000000000004
2026/09/24 11:52:37.392, 937 MiB, 68 %, 70, 2460 MHz, 67.12 W, 0x0000000000000004
2026/09/24 11:52:39.403, 937 MiB, 70 %, 70, 2460 MHz, 67.28 W, 0x0000000000000004
2026/09/24 11:52:41.418, 937 MiB, 72 %, 71, 2460 MHz, 67.22 W, 0x0000000000000004
2026/09/24 11:52:43.432, 937 MiB, 70 %, 71, 2460 MHz, 67.16 W, 0x0000000000000004
2026/09/24 11:52:45.446, 937 MiB, 70 %, 71, 2445 MHz, 67.67 W, 0x0000000000000004
2026/09/24 11:52:47.450, 937 MiB, 70 %, 72, 2445 MHz, 67.64 W, 0x0000000000000004
2026/09/24 11:52:49.461, 937 MiB, 71 %, 72, 2430 MHz, 63.94 W, 0x0000000000000004
2026/09/24 11:52:51.471, 937 MiB, 68 %, 72, 2460 MHz, 66.96 W, 0x0000000000000004
2026/09/24 11:52:53.473, 937 MiB, 69 %, 72, 2445 MHz, 63.30 W, 0x0000000000000000
2026/09/24 11:52:55.483, 937 MiB, 68 %, 72, 2460 MHz, 66.84 W, 0x0000000000000000
2026/09/24 11:52:57.492, 937 MiB, 70 %, 73, 2445 MHz, 67.36 W, 0x0000000000000004
2026/09/24 11:52:59.502, 937 MiB, 70 %, 73, 2460 MHz, 67.79 W, 0x0000000000000004
2026/09/24 11:53:01.510, 937 MiB, 71 %, 73, 2400 MHz, 67.68 W, 0x0000000000000004
2026/09/24 11:53:03.516, 937 MiB, 70 %, 74, 2430 MHz, 67.68 W, 0x0000000000000004
2026/09/24 11:53:05.529, 937 MiB, 68 %, 74, 2445 MHz, 67.57 W, 0x0000000000000004
2026/09/24 11:53:07.530, 937 MiB, 69 %, 74, 2445 MHz, 67.84 W, 0x0000000000000004
2026/09/24 11:53:09.534, 937 MiB, 70 %, 74, 2460 MHz, 68.06 W, 0x0000000000000004
2026/09/24 11:53:11.550, 937 MiB, 71 %, 74, 2430 MHz, 67.81 W, 0x0000000000000004
2026/09/24 11:53:13.562, 937 MiB, 70 %, 75, 2460 MHz, 67.72 W, 0x0000000000000004
2026/09/24 11:53:15.575, 937 MiB, 70 %, 75, 2445 MHz, 67.77 W, 0x0000000000000004
2026/09/24 11:53:17.578, 937 MiB, 70 %, 75, 2400 MHz, 68.02 W, 0x0000000000000004
2026/09/24 11:53:19.587, 937 MiB, 69 %, 75, 2415 MHz, 67.01 W, 0x0000000000000004
2026/09/24 11:53:21.592, 937 MiB, 69 %, 75, 2430 MHz, 67.30 W, 0x0000000000000004
2026/09/24 11:53:23.595, 937 MiB, 68 %, 76, 2415 MHz, 68.01 W, 0x0000000000000004
2026/09/24 11:53:25.595, 937 MiB, 69 %, 76, 2400 MHz, 68.15 W, 0x0000000000000004
2026/09/24 11:53:27.604, 937 MiB, 70 %, 76, 2445 MHz, 67.72 W, 0x0000000000000004
2026/09/24 11:53:29.609, 937 MiB, 68 %, 76, 2415 MHz, 67.61 W, 0x0000000000000004
2026/09/24 11:53:31.613, 937 MiB, 68 %, 76, 2415 MHz, 67.43 W, 0x0000000000000004
2026/09/24 11:53:33.616, 937 MiB, 68 %, 76, 2445 MHz, 67.60 W, 0x0000000000000004
2026/09/24 11:53:35.632, 937 MiB, 69 %, 76, 2400 MHz, 67.64 W, 0x0000000000000004
2026/09/24 11:53:37.638, 937 MiB, 68 %, 75, 2445 MHz, 67.82 W, 0x0000000000000004
2026/09/24 11:53:39.651, 937 MiB, 70 %, 76, 2445 MHz, 67.69 W, 0x0000000000000004
2026/09/24 11:53:41.665, 937 MiB, 61 %, 75, 2445 MHz, 63.80 W, 0x0000000000000000
2026/09/24 11:53:43.676, 937 MiB, 69 %, 77, 2415 MHz, 66.75 W, 0x0000000000000004
2026/09/24 11:53:45.692, 937 MiB, 69 %, 76, 2415 MHz, 67.63 W, 0x0000000000000004
2026/09/24 11:53:47.705, 937 MiB, 69 %, 77, 2400 MHz, 68.00 W, 0x0000000000000004
2026/09/24 11:53:49.711, 937 MiB, 70 %, 77, 2415 MHz, 67.91 W, 0x0000000000000004
2026/09/24 11:53:51.722, 937 MiB, 70 %, 77, 2400 MHz, 67.89 W, 0x0000000000000004
2026/09/24 11:53:53.732, 937 MiB, 69 %, 77, 2400 MHz, 67.91 W, 0x0000000000000004
2026/09/24 11:53:55.742, 937 MiB, 69 %, 77, 2445 MHz, 67.66 W, 0x0000000000000004
2026/09/24 11:53:57.749, 937 MiB, 68 %, 77, 2415 MHz, 67.73 W, 0x0000000000000004
2026/09/24 11:53:59.760, 937 MiB, 70 %, 77, 2430 MHz, 67.97 W, 0x0000000000000004
2026/09/24 11:54:01.769, 937 MiB, 70 %, 77, 2445 MHz, 64.91 W, 0x0000000000000004
2026/09/24 11:54:03.773, 937 MiB, 68 %, 77, 2415 MHz, 65.22 W, 0x0000000000000004
2026/09/24 11:54:05.777, 937 MiB, 69 %, 78, 2415 MHz, 67.72 W, 0x0000000000000004
2026/09/24 11:54:07.785, 937 MiB, 70 %, 77, 2415 MHz, 67.94 W, 0x0000000000000004
2026/09/24 11:54:09.795, 937 MiB, 69 %, 77, 2445 MHz, 67.95 W, 0x0000000000000004
2026/09/24 11:54:11.811, 937 MiB, 70 %, 77, 2445 MHz, 67.90 W, 0x0000000000000004
2026/09/24 11:54:13.826, 937 MiB, 70 %, 77, 2415 MHz, 67.80 W, 0x0000000000000004
2026/09/24 11:54:15.840, 937 MiB, 70 %, 78, 2400 MHz, 67.89 W, 0x0000000000000004
2026/09/24 11:54:17.855, 937 MiB, 70 %, 78, 2430 MHz, 67.84 W, 0x0000000000000004
2026/09/24 11:54:19.868, 937 MiB, 70 %, 78, 2430 MHz, 68.03 W, 0x0000000000000004
2026/09/24 11:54:21.872, 937 MiB, 70 %, 77, 2430 MHz, 67.91 W, 0x0000000000000004
2026/09/24 11:54:23.875, 937 MiB, 69 %, 77, 2430 MHz, 67.80 W, 0x0000000000000004
2026/09/24 11:54:25.890, 937 MiB, 69 %, 78, 2445 MHz, 67.91 W, 0x0000000000000004
2026/09/24 11:54:27.905, 937 MiB, 68 %, 78, 2445 MHz, 67.89 W, 0x0000000000000004
2026/09/24 11:54:29.911, 937 MiB, 68 %, 78, 2415 MHz, 67.75 W, 0x0000000000000004
2026/09/24 11:54:31.913, 937 MiB, 70 %, 78, 2385 MHz, 67.83 W, 0x0000000000000004
2026/09/24 11:54:33.921, 937 MiB, 68 %, 78, 2445 MHz, 67.90 W, 0x0000000000000004
2026/09/24 11:54:35.922, 937 MiB, 68 %, 78, 2400 MHz, 67.91 W, 0x0000000000000004
2026/09/24 11:54:37.937, 937 MiB, 70 %, 78, 2415 MHz, 68.08 W, 0x0000000000000004
2026/09/24 11:54:39.948, 937 MiB, 70 %, 78, 2445 MHz, 67.90 W, 0x0000000000000004
2026/09/24 11:54:41.953, 937 MiB, 69 %, 78, 2400 MHz, 67.81 W, 0x0000000000000004
2026/09/24 11:54:43.965, 937 MiB, 68 %, 78, 2400 MHz, 68.09 W, 0x0000000000000004
2026/09/24 11:54:45.968, 937 MiB, 68 %, 78, 2415 MHz, 67.76 W, 0x0000000000000004
2026/09/24 11:54:47.975, 937 MiB, 70 %, 78, 2445 MHz, 67.94 W, 0x0000000000000004
2026/09/24 11:54:49.978, 937 MiB, 69 %, 79, 2445 MHz, 67.84 W, 0x0000000000000004
2026/09/24 11:54:51.992, 937 MiB, 70 %, 78, 2415 MHz, 67.70 W, 0x0000000000000004
2026/09/24 11:54:54.001, 937 MiB, 69 %, 78, 2415 MHz, 67.84 W, 0x0000000000000004
2026/09/24 11:54:56.015, 937 MiB, 69 %, 79, 2445 MHz, 68.08 W, 0x0000000000000004
2026/09/24 11:54:58.031, 937 MiB, 69 %, 78, 2415 MHz, 67.85 W, 0x0000000000000004
2026/09/24 11:55:00.039, 937 MiB, 67 %, 79, 2400 MHz, 67.78 W, 0x0000000000000004
2026/09/24 11:55:02.040, 937 MiB, 68 %, 79, 2445 MHz, 67.53 W, 0x0000000000000000
2026/09/24 11:55:04.051, 937 MiB, 67 %, 79, 2415 MHz, 67.46 W, 0x0000000000000004
2026/09/24 11:55:06.053, 937 MiB, 67 %, 79, 2415 MHz, 67.87 W, 0x0000000000000004
2026/09/24 11:55:08.069, 937 MiB, 68 %, 79, 2430 MHz, 67.77 W, 0x0000000000000004
2026/09/24 11:55:10.076, 937 MiB, 69 %, 78, 2415 MHz, 67.66 W, 0x0000000000000004
2026/09/24 11:55:12.083, 937 MiB, 68 %, 79, 2400 MHz, 67.74 W, 0x0000000000000004
2026/09/24 11:55:14.099, 937 MiB, 67 %, 79, 2400 MHz, 67.96 W, 0x0000000000000004
2026/09/24 11:55:16.104, 937 MiB, 70 %, 79, 2415 MHz, 67.88 W, 0x0000000000000004
2026/09/24 11:55:18.118, 937 MiB, 69 %, 79, 2415 MHz, 67.90 W, 0x0000000000000004
2026/09/24 11:55:20.132, 937 MiB, 70 %, 79, 2400 MHz, 67.97 W, 0x0000000000000004
2026/09/24 11:55:22.134, 937 MiB, 70 %, 78, 2400 MHz, 68.00 W, 0x0000000000000004
2026/09/24 11:55:24.140, 937 MiB, 69 %, 79, 2415 MHz, 67.77 W, 0x0000000000000004
2026/09/24 11:55:26.147, 937 MiB, 71 %, 79, 2415 MHz, 68.03 W, 0x0000000000000004
2026/09/24 11:55:28.149, 937 MiB, 70 %, 79, 2400 MHz, 67.84 W, 0x0000000000000004
2026/09/24 11:55:30.157, 937 MiB, 69 %, 79, 2430 MHz, 67.99 W, 0x0000000000000004
2026/09/24 11:55:32.173, 937 MiB, 70 %, 79, 2415 MHz, 68.12 W, 0x0000000000000004
2026/09/24 11:55:34.185, 937 MiB, 70 %, 79, 2415 MHz, 68.09 W, 0x0000000000000004
2026/09/24 11:55:36.200, 937 MiB, 69 %, 79, 2445 MHz, 68.15 W, 0x0000000000000004
2026/09/24 11:55:38.201, 937 MiB, 69 %, 79, 2430 MHz, 67.88 W, 0x0000000000000004
2026/09/24 11:55:40.208, 937 MiB, 70 %, 79, 2400 MHz, 67.87 W, 0x0000000000000004
2026/09/24 11:55:42.218, 937 MiB, 69 %, 79, 2400 MHz, 68.00 W, 0x0000000000000004
2026/09/24 11:55:44.229, 937 MiB, 71 %, 79, 2415 MHz, 67.89 W, 0x0000000000000004
2026/09/24 11:55:46.231, 937 MiB, 70 %, 79, 2415 MHz, 68.18 W, 0x0000000000000004
2026/09/24 11:55:48.234, 937 MiB, 69 %, 79, 2385 MHz, 67.95 W, 0x0000000000000004
2026/09/24 11:55:50.246, 937 MiB, 69 %, 79, 2415 MHz, 68.07 W, 0x0000000000000004
2026/09/24 11:55:52.261, 937 MiB, 69 %, 79, 2385 MHz, 67.97 W, 0x0000000000000004
2026/09/24 11:55:54.264, 937 MiB, 69 %, 78, 2400 MHz, 68.24 W, 0x0000000000000004
2026/09/24 11:55:56.267, 937 MiB, 69 %, 79, 2385 MHz, 67.97 W, 0x0000000000000004
2026/09/24 11:55:58.271, 937 MiB, 70 %, 79, 2415 MHz, 68.14 W, 0x0000000000000004
2026/09/24 11:56:00.280, 937 MiB, 70 %, 78, 2385 MHz, 67.87 W, 0x0000000000000004
2026/09/24 11:56:02.283, 937 MiB, 70 %, 79, 2415 MHz, 68.14 W, 0x0000000000000004
2026/09/24 11:56:04.287, 937 MiB, 65 %, 78, 2445 MHz, 56.43 W, 0x0000000000000000
2026/09/24 11:56:06.300, 1012 MiB, 63 %, 76, 2445 MHz, 62.84 W, 0x0000000000000000
2026/09/24 11:56:08.304, 762 MiB, 65 %, 78, 2430 MHz, 64.15 W, 0x0000000000000004
2026/09/24 11:56:10.308, 762 MiB, 66 %, 79, 2445 MHz, 67.06 W, 0x0000000000000004
2026/09/24 11:56:12.311, 762 MiB, 68 %, 79, 2400 MHz, 67.69 W, 0x0000000000000004
2026/09/24 11:56:14.326, 732 MiB, 68 %, 78, 2415 MHz, 67.94 W, 0x0000000000000004
2026/09/24 11:56:16.337, 763 MiB, 68 %, 79, 2400 MHz, 67.65 W, 0x0000000000000004
2026/09/24 11:56:18.345, 763 MiB, 68 %, 79, 2400 MHz, 67.53 W, 0x0000000000000004
2026/09/24 11:56:20.355, 763 MiB, 68 %, 79, 2430 MHz, 67.60 W, 0x0000000000000004
2026/09/24 11:56:22.370, 793 MiB, 71 %, 78, 2445 MHz, 67.00 W, 0x0000000000000004
2026/09/24 11:56:24.380, 855 MiB, 67 %, 79, 2445 MHz, 67.11 W, 0x0000000000000004
2026/09/24 11:56:26.394, 855 MiB, 36 %, 75, 2445 MHz, 55.06 W, 0x0000000000000000
2026/09/24 11:56:28.396, 894 MiB, 38 %, 73, 2445 MHz, 46.50 W, 0x0000000000000000
2026/09/24 11:56:30.405, 894 MiB, 42 %, 74, 2445 MHz, 45.48 W, 0x0000000000000000
2026/09/24 11:56:32.421, 894 MiB, 36 %, 72, 2445 MHz, 45.16 W, 0x0000000000000001
2026/09/24 11:56:34.422, 894 MiB, 41 %, 73, 2460 MHz, 45.30 W, 0x0000000000000000
2026/09/24 11:56:36.428, 894 MiB, 36 %, 70, 2220 MHz, 41.36 W, 0x0000000000000001
2026/09/24 11:56:38.433, 894 MiB, 33 %, 70, 2385 MHz, 41.83 W, 0x0000000000000001
2026/09/24 11:56:40.447, 894 MiB, 39 %, 72, 2460 MHz, 43.17 W, 0x0000000000000000
2026/09/24 11:56:42.455, 894 MiB, 39 %, 72, 2460 MHz, 45.80 W, 0x0000000000000000
2026/09/24 11:56:44.468, 894 MiB, 36 %, 72, 2460 MHz, 45.42 W, 0x0000000000000000
2026/09/24 11:56:46.470, 894 MiB, 32 %, 70, 2460 MHz, 45.45 W, 0x0000000000000000
2026/09/24 11:56:48.481, 894 MiB, 36 %, 71, 2460 MHz, 46.68 W, 0x0000000000000000
2026/09/24 11:56:50.492, 894 MiB, 47 %, 70, 2460 MHz, 50.46 W, 0x0000000000000000
2026/09/24 11:56:52.506, 894 MiB, 43 %, 70, 2460 MHz, 48.76 W, 0x0000000000000000
2026/09/24 11:56:54.514, 894 MiB, 38 %, 72, 2460 MHz, 51.33 W, 0x0000000000000000
2026/09/24 11:56:56.530, 894 MiB, 44 %, 72, 2460 MHz, 47.61 W, 0x0000000000000000
2026/09/24 11:56:58.543, 894 MiB, 46 %, 72, 2460 MHz, 49.74 W, 0x0000000000000000
2026/09/24 11:57:00.549, 894 MiB, 47 %, 71, 2460 MHz, 50.90 W, 0x0000000000000000
2026/09/24 11:57:02.551, 894 MiB, 47 %, 72, 2460 MHz, 52.93 W, 0x0000000000000000
2026/09/24 11:57:04.553, 894 MiB, 51 %, 72, 2460 MHz, 52.29 W, 0x0000000000000000
2026/09/24 11:57:06.558, 894 MiB, 41 %, 70, 2460 MHz, 51.19 W, 0x0000000000000000
2026/09/24 11:57:08.571, 894 MiB, 52 %, 71, 2460 MHz, 51.46 W, 0x0000000000000000
2026/09/24 11:57:10.576, 894 MiB, 47 %, 70, 2460 MHz, 50.68 W, 0x0000000000000000
2026/09/24 11:57:12.578, 894 MiB, 38 %, 70, 2460 MHz, 50.14 W, 0x0000000000000000
2026/09/24 11:57:14.580, 894 MiB, 45 %, 71, 2460 MHz, 49.19 W, 0x0000000000000000
2026/09/24 11:57:16.588, 894 MiB, 47 %, 72, 2460 MHz, 52.02 W, 0x0000000000000000
2026/09/24 11:57:18.590, 894 MiB, 45 %, 71, 2460 MHz, 50.90 W, 0x0000000000000000
2026/09/24 11:57:20.601, 894 MiB, 35 %, 72, 2460 MHz, 53.85 W, 0x0000000000000000
2026/09/24 11:57:22.615, 894 MiB, 37 %, 70, 2460 MHz, 52.19 W, 0x0000000000000000
2026/09/24 11:57:24.616, 894 MiB, 46 %, 72, 2460 MHz, 52.40 W, 0x0000000000000000
2026/09/24 11:57:26.620, 894 MiB, 50 %, 72, 2460 MHz, 50.87 W, 0x0000000000000000
2026/09/24 11:57:28.629, 894 MiB, 44 %, 72, 2460 MHz, 52.49 W, 0x0000000000000000
2026/09/24 11:57:30.642, 894 MiB, 56 %, 73, 2460 MHz, 56.07 W, 0x0000000000000000
2026/09/24 11:57:32.645, 894 MiB, 45 %, 72, 2460 MHz, 53.50 W, 0x0000000000000000
2026/09/24 11:57:34.651, 894 MiB, 49 %, 72, 2460 MHz, 52.16 W, 0x0000000000000000
2026/09/24 11:57:36.664, 894 MiB, 44 %, 71, 2460 MHz, 50.99 W, 0x0000000000000000
2026/09/24 11:57:38.672, 894 MiB, 55 %, 73, 2460 MHz, 54.12 W, 0x0000000000000000
2026/09/24 11:57:40.687, 894 MiB, 42 %, 71, 2460 MHz, 53.49 W, 0x0000000000000000
2026/09/24 11:57:42.694, 894 MiB, 55 %, 72, 2460 MHz, 51.93 W, 0x0000000000000000
2026/09/24 11:57:44.705, 894 MiB, 39 %, 71, 2460 MHz, 50.95 W, 0x0000000000000000
2026/09/24 11:57:46.716, 894 MiB, 34 %, 71, 2460 MHz, 52.51 W, 0x0000000000000000
2026/09/24 11:57:48.723, 894 MiB, 43 %, 71, 2460 MHz, 51.50 W, 0x0000000000000000
2026/09/24 11:57:50.731, 894 MiB, 57 %, 72, 2460 MHz, 53.98 W, 0x0000000000000000
2026/09/24 11:57:52.732, 894 MiB, 52 %, 72, 2460 MHz, 53.63 W, 0x0000000000000000
2026/09/24 11:57:54.735, 894 MiB, 54 %, 72, 2460 MHz, 54.22 W, 0x0000000000000000
2026/09/24 11:57:56.736, 894 MiB, 53 %, 72, 2460 MHz, 52.95 W, 0x0000000000000000
2026/09/24 11:57:58.738, 894 MiB, 52 %, 72, 2460 MHz, 51.90 W, 0x0000000000000000
2026/09/24 11:58:00.741, 894 MiB, 52 %, 71, 2460 MHz, 51.13 W, 0x0000000000000000
2026/09/24 11:58:02.742, 894 MiB, 43 %, 71, 2460 MHz, 50.85 W, 0x0000000000000000
2026/09/24 11:58:04.755, 894 MiB, 49 %, 71, 2460 MHz, 50.66 W, 0x0000000000000000
2026/09/24 11:58:06.766, 894 MiB, 51 %, 71, 2460 MHz, 50.55 W, 0x0000000000000000
2026/09/24 11:58:08.773, 894 MiB, 48 %, 71, 2460 MHz, 50.63 W, 0x0000000000000000
2026/09/24 11:58:10.776, 894 MiB, 46 %, 71, 2460 MHz, 50.71 W, 0x0000000000000000
2026/09/24 11:58:12.777, 894 MiB, 50 %, 72, 2460 MHz, 50.83 W, 0x0000000000000000
2026/09/24 11:58:14.779, 894 MiB, 49 %, 71, 2460 MHz, 50.05 W, 0x0000000000000000
2026/09/24 11:58:16.781, 894 MiB, 53 %, 71, 2460 MHz, 48.88 W, 0x0000000000000000
2026/09/24 11:58:18.784, 894 MiB, 46 %, 71, 2460 MHz, 48.81 W, 0x0000000000000000
2026/09/24 11:58:20.797, 894 MiB, 44 %, 70, 2460 MHz, 48.19 W, 0x0000000000000000
2026/09/24 11:58:22.798, 894 MiB, 52 %, 70, 2460 MHz, 49.26 W, 0x0000000000000000
2026/09/24 11:58:24.801, 894 MiB, 52 %, 69, 2460 MHz, 47.89 W, 0x0000000000000000
2026/09/24 11:58:26.805, 894 MiB, 48 %, 70, 2460 MHz, 46.52 W, 0x0000000000000000
2026/09/24 11:58:28.819, 894 MiB, 45 %, 69, 2460 MHz, 45.65 W, 0x0000000000000000
2026/09/24 11:58:30.822, 894 MiB, 45 %, 68, 2460 MHz, 43.55 W, 0x0000000000000000
2026/09/24 11:58:32.838, 894 MiB, 46 %, 68, 2460 MHz, 43.41 W, 0x0000000000000000
2026/09/24 11:58:34.840, 894 MiB, 46 %, 69, 2460 MHz, 43.83 W, 0x0000000000000000
2026/09/24 11:58:36.846, 894 MiB, 40 %, 69, 2460 MHz, 43.22 W, 0x0000000000000000
2026/09/24 11:58:38.850, 894 MiB, 44 %, 68, 2460 MHz, 43.29 W, 0x0000000000000000
2026/09/24 11:58:40.864, 894 MiB, 38 %, 68, 2460 MHz, 40.97 W, 0x0000000000000000
2026/09/24 11:58:42.869, 894 MiB, 37 %, 66, 2160 MHz, 31.14 W, 0x0000000000000001
2026/09/24 11:58:44.885, 894 MiB, 38 %, 65, 2160 MHz, 30.97 W, 0x0000000000000001
2026/09/24 11:58:46.888, 894 MiB, 46 %, 65, 2145 MHz, 30.94 W, 0x0000000000000001
2026/09/24 11:58:48.891, 894 MiB, 32 %, 65, 2370 MHz, 34.83 W, 0x0000000000000001
2026/09/24 11:58:50.898, 894 MiB, 34 %, 64, 2235 MHz, 30.72 W, 0x0000000000000001
2026/09/24 11:58:52.912, 894 MiB, 32 %, 63, 2145 MHz, 30.06 W, 0x0000000000000001
2026/09/24 11:58:54.917, 894 MiB, 33 %, 63, 2265 MHz, 31.24 W, 0x0000000000000001
2026/09/24 11:58:56.928, 894 MiB, 40 %, 63, 2010 MHz, 26.98 W, 0x0000000000000001
2026/09/24 11:58:58.933, 894 MiB, 43 %, 63, 2220 MHz, 27.95 W, 0x0000000000000001
2026/09/24 11:59:00.939, 894 MiB, 38 %, 64, 2370 MHz, 33.46 W, 0x0000000000000001
2026/09/24 11:59:02.942, 895 MiB, 40 %, 63, 2130 MHz, 29.26 W, 0x0000000000000001
2026/09/24 11:59:04.946, 895 MiB, 36 %, 62, 2025 MHz, 27.35 W, 0x0000000000000001
2026/09/24 11:59:06.949, 895 MiB, 41 %, 62, 1950 MHz, 26.31 W, 0x0000000000000001
2026/09/24 11:59:08.951, 895 MiB, 40 %, 61, 1935 MHz, 25.65 W, 0x0000000000000001
2026/09/24 11:59:10.955, 895 MiB, 38 %, 61, 1905 MHz, 25.50 W, 0x0000000000000001
2026/09/24 11:59:12.956, 895 MiB, 38 %, 61, 1935 MHz, 25.74 W, 0x0000000000000001
2026/09/24 11:59:14.958, 895 MiB, 42 %, 61, 1920 MHz, 25.72 W, 0x0000000000000001
2026/09/24 11:59:16.961, 895 MiB, 41 %, 60, 1935 MHz, 25.51 W, 0x0000000000000001
2026/09/24 11:59:18.964, 895 MiB, 41 %, 60, 1920 MHz, 25.62 W, 0x0000000000000001
2026/09/24 11:59:20.968, 895 MiB, 38 %, 60, 1920 MHz, 25.50 W, 0x0000000000000001
2026/09/24 11:59:22.970, 895 MiB, 34 %, 60, 1920 MHz, 25.18 W, 0x0000000000000001
2026/09/24 11:59:24.971, 895 MiB, 43 %, 60, 2160 MHz, 26.43 W, 0x0000000000000001
2026/09/24 11:59:26.975, 895 MiB, 40 %, 61, 2220 MHz, 29.68 W, 0x0000000000000001
2026/09/24 11:59:28.978, 895 MiB, 38 %, 61, 2205 MHz, 29.55 W, 0x0000000000000001
2026/09/24 11:59:30.983, 895 MiB, 39 %, 61, 2205 MHz, 29.28 W, 0x0000000000000001
2026/09/24 11:59:32.984, 895 MiB, 41 %, 60, 2205 MHz, 29.42 W, 0x0000000000000001
2026/09/24 11:59:34.993, 895 MiB, 41 %, 60, 2205 MHz, 29.25 W, 0x0000000000000001
2026/09/24 11:59:36.997, 895 MiB, 34 %, 60, 1980 MHz, 25.89 W, 0x0000000000000001
2026/09/24 11:59:38.999, 895 MiB, 33 %, 59, 1935 MHz, 23.92 W, 0x0000000000000001
2026/09/24 11:59:41.010, 895 MiB, 42 %, 60, 2235 MHz, 26.55 W, 0x0000000000000001
2026/09/24 11:59:43.026, 895 MiB, 38 %, 59, 1935 MHz, 27.52 W, 0x0000000000000001
2026/09/24 11:59:45.036, 895 MiB, 47 %, 60, 2325 MHz, 27.76 W, 0x0000000000000001
2026/09/24 11:59:47.041, 895 MiB, 33 %, 60, 2295 MHz, 31.68 W, 0x0000000000000001
2026/09/24 11:59:49.054, 895 MiB, 37 %, 61, 2460 MHz, 32.98 W, 0x0000000000000000
2026/09/24 11:59:51.055, 895 MiB, 43 %, 61, 2460 MHz, 29.98 W, 0x0000000000000000
2026/09/24 11:59:53.065, 895 MiB, 38 %, 61, 2460 MHz, 34.51 W, 0x0000000000000000
2026/09/24 11:59:55.077, 895 MiB, 30 %, 61, 2460 MHz, 33.88 W, 0x0000000000000000
2026/09/24 11:59:57.080, 895 MiB, 33 %, 60, 2205 MHz, 29.32 W, 0x0000000000000001
2026/09/24 11:59:59.094, 895 MiB, 37 %, 59, 1830 MHz, 24.70 W, 0x0000000000000001
2026/09/24 12:00:01.103, 895 MiB, 38 %, 60, 2415 MHz, 28.55 W, 0x0000000000000001
2026/09/24 12:00:03.108, 895 MiB, 36 %, 61, 2460 MHz, 33.74 W, 0x0000000000000000
2026/09/24 12:00:05.110, 895 MiB, 43 %, 61, 2355 MHz, 31.17 W, 0x0000000000000001
2026/09/24 12:00:07.113, 895 MiB, 34 %, 62, 2430 MHz, 33.66 W, 0x0000000000000001
2026/09/24 12:00:09.120, 895 MiB, 22 %, 58, 1830 MHz, 21.83 W, 0x0000000000000001
2026/09/24 12:00:11.131, 895 MiB, 37 %, 59, 1935 MHz, 22.32 W, 0x0000000000000001
2026/09/24 12:00:13.134, 895 MiB, 33 %, 59, 1995 MHz, 25.10 W, 0x0000000000000001
2026/09/24 12:00:15.143, 895 MiB, 39 %, 59, 2070 MHz, 25.22 W, 0x0000000000000001
2026/09/24 12:00:17.147, 895 MiB, 37 %, 60, 2295 MHz, 27.92 W, 0x0000000000000001
2026/09/24 12:00:19.161, 895 MiB, 38 %, 59, 2115 MHz, 27.48 W, 0x0000000000000001
2026/09/24 12:00:21.170, 895 MiB, 26 %, 58, 1890 MHz, 22.02 W, 0x0000000000000001
2026/09/24 12:00:23.177, 895 MiB, 39 %, 58, 1770 MHz, 21.38 W, 0x0000000000000001
2026/09/24 12:00:25.179, 895 MiB, 35 %, 58, 1650 MHz, 22.74 W, 0x0000000000000001
2026/09/24 12:00:27.185, 895 MiB, 39 %, 57, 1545 MHz, 19.27 W, 0x0000000000000001
2026/09/24 12:00:29.188, 895 MiB, 39 %, 57, 1485 MHz, 18.69 W, 0x0000000000000001
2026/09/24 12:00:31.191, 895 MiB, 35 %, 56, 1530 MHz, 18.11 W, 0x0000000000000001
2026/09/24 12:00:33.198, 895 MiB, 39 %, 56, 1470 MHz, 18.65 W, 0x0000000000000001
2026/09/24 12:00:35.212, 895 MiB, 37 %, 56, 1485 MHz, 18.34 W, 0x0000000000000001
2026/09/24 12:00:37.219, 895 MiB, 17 %, 56, 1620 MHz, 17.28 W, 0x0000000000000001
2026/09/24 12:00:39.232, 895 MiB, 40 %, 55, 990 MHz, 13.52 W, 0x0000000000000001
2026/09/24 12:00:41.237, 895 MiB, 39 %, 55, 1230 MHz, 13.54 W, 0x0000000000000001
2026/09/24 12:00:43.239, 895 MiB, 46 %, 54, 1275 MHz, 13.77 W, 0x0000000000000001
2026/09/24 12:00:45.239, 895 MiB, 46 %, 54, 1230 MHz, 13.70 W, 0x0000000000000001
2026/09/24 12:00:47.244, 895 MiB, 44 %, 54, 1110 MHz, 13.55 W, 0x0000000000000001
2026/09/24 12:00:49.248, 895 MiB, 48 %, 53, 1050 MHz, 13.06 W, 0x0000000000000001
2026/09/24 12:00:51.251, 895 MiB, 46 %, 53, 1215 MHz, 13.06 W, 0x0000000000000001
2026/09/24 12:00:53.254, 895 MiB, 40 %, 53, 1095 MHz, 12.74 W, 0x0000000000000001
2026/09/24 12:00:55.255, 895 MiB, 31 %, 52, 705 MHz, 10.12 W, 0x0000000000000001
2026/09/24 12:00:57.258, 895 MiB, 41 %, 52, 435 MHz, 9.19 W, 0x0000000000000001
2026/09/24 12:00:59.261, 895 MiB, 43 %, 52, 450 MHz, 9.15 W, 0x0000000000000001
2026/09/24 12:01:01.264, 895 MiB, 46 %, 52, 435 MHz, 9.18 W, 0x0000000000000001
2026/09/24 12:01:03.264, 895 MiB, 52 %, 52, 375 MHz, 9.40 W, 0x0000000000000001
2026/09/24 12:01:05.267, 895 MiB, 57 %, 51, 330 MHz, 9.34 W, 0x0000000000000001
2026/09/24 12:01:07.272, 895 MiB, 46 %, 51, 390 MHz, 7.46 W, 0x0000000000000001
2026/09/24 12:01:09.278, 895 MiB, 38 %, 51, 420 MHz, 9.04 W, 0x0000000000000001
2026/09/24 12:01:11.279, 895 MiB, 48 %, 51, 390 MHz, 7.95 W, 0x0000000000000001
2026/09/24 12:01:13.281, 895 MiB, 46 %, 51, 390 MHz, 7.47 W, 0x0000000000000001
2026/09/24 12:01:15.286, 895 MiB, 34 %, 50, 420 MHz, 9.00 W, 0x0000000000000001
2026/09/24 12:01:17.302, 895 MiB, 53 %, 50, 375 MHz, 7.55 W, 0x0000000000000001
2026/09/24 12:01:19.305, 895 MiB, 54 %, 50, 330 MHz, 9.77 W, 0x0000000000000001
2026/09/24 12:01:21.321, 895 MiB, 43 %, 50, 420 MHz, 9.23 W, 0x0000000000000001
2026/09/24 12:01:23.326, 895 MiB, 44 %, 50, 375 MHz, 7.95 W, 0x0000000000000001
2026/09/24 12:01:25.340, 895 MiB, 45 %, 50, 390 MHz, 7.46 W, 0x0000000000000001
2026/09/24 12:01:27.347, 895 MiB, 44 %, 50, 420 MHz, 9.93 W, 0x0000000000000001
2026/09/24 12:01:29.350, 895 MiB, 37 %, 49, 420 MHz, 8.60 W, 0x0000000000000001
2026/09/24 12:01:31.353, 895 MiB, 47 %, 49, 375 MHz, 8.38 W, 0x0000000000000001
2026/09/24 12:01:33.355, 895 MiB, 44 %, 49, 390 MHz, 7.39 W, 0x0000000000000001
2026/09/24 12:01:35.357, 895 MiB, 45 %, 49, 405 MHz, 7.44 W, 0x0000000000000001
2026/09/24 12:01:37.361, 895 MiB, 44 %, 49, 420 MHz, 10.23 W, 0x0000000000000001
2026/09/24 12:01:39.364, 895 MiB, 35 %, 49, 495 MHz, 7.78 W, 0x0000000000000001
2026/09/24 12:01:41.365, 895 MiB, 49 %, 49, 330 MHz, 7.64 W, 0x0000000000000001
2026/09/24 12:01:43.370, 899 MiB, 34 %, 49, 705 MHz, 10.17 W, 0x0000000000000001
2026/09/24 12:01:45.373, 899 MiB, 35 %, 48, 420 MHz, 10.88 W, 0x0000000000000001
2026/09/24 12:01:47.377, 899 MiB, 53 %, 48, 375 MHz, 9.31 W, 0x0000000000000001
2026/09/24 12:01:49.378, 899 MiB, 48 %, 48, 390 MHz, 7.47 W, 0x0000000000000001
2026/09/24 12:01:51.382, 899 MiB, 50 %, 48, 375 MHz, 7.49 W, 0x0000000000000001
2026/09/24 12:01:53.385, 899 MiB, 38 %, 48, 420 MHz, 9.01 W, 0x0000000000000001
2026/09/24 12:01:55.388, 899 MiB, 38 %, 48, 420 MHz, 8.26 W, 0x0000000000000001
2026/09/24 12:01:57.391, 899 MiB, 53 %, 48, 360 MHz, 9.26 W, 0x0000000000000001
2026/09/24 12:01:59.407, 899 MiB, 50 %, 48, 375 MHz, 7.46 W, 0x0000000000000001
2026/09/24 12:02:01.412, 899 MiB, 51 %, 48, 375 MHz, 7.46 W, 0x0000000000000001
2026/09/24 12:02:03.414, 899 MiB, 52 %, 47, 285 MHz, 9.76 W, 0x0000000000000001
2026/09/24 12:02:05.418, 899 MiB, 53 %, 47, 330 MHz, 6.95 W, 0x0000000000000001
2026/09/24 12:02:07.422, 899 MiB, 50 %, 47, 360 MHz, 7.20 W, 0x0000000000000001
2026/09/24 12:02:09.424, 899 MiB, 51 %, 47, 345 MHz, 7.23 W, 0x0000000000000001
2026/09/24 12:02:11.429, 899 MiB, 49 %, 47, 345 MHz, 7.22 W, 0x0000000000000001
2026/09/24 12:02:13.430, 899 MiB, 47 %, 47, 360 MHz, 7.20 W, 0x0000000000000001
2026/09/24 12:02:15.435, 899 MiB, 45 %, 47, 360 MHz, 7.22 W, 0x0000000000000001
2026/09/24 12:02:17.451, 899 MiB, 43 %, 47, 375 MHz, 7.09 W, 0x0000000000000001
2026/09/24 12:02:19.454, 899 MiB, 35 %, 47, 435 MHz, 7.88 W, 0x0000000000000001
2026/09/24 12:02:21.470, 899 MiB, 56 %, 47, 360 MHz, 8.57 W, 0x0000000000000001
2026/09/24 12:02:23.476, 899 MiB, 55 %, 46, 285 MHz, 9.38 W, 0x0000000000000001
2026/09/24 12:02:25.478, 899 MiB, 44 %, 46, 450 MHz, 10.59 W, 0x0000000000000001
2026/09/24 12:02:27.482, 899 MiB, 30 %, 46, 465 MHz, 10.52 W, 0x0000000000000001
2026/09/24 12:02:29.488, 899 MiB, 51 %, 46, 435 MHz, 10.28 W, 0x0000000000000001
2026/09/24 12:02:31.502, 899 MiB, 49 %, 46, 450 MHz, 10.63 W, 0x0000000000000001
2026/09/24 12:02:33.503, 899 MiB, 51 %, 46, 435 MHz, 10.51 W, 0x0000000000000001
2026/09/24 12:02:35.506, 899 MiB, 49 %, 46, 450 MHz, 10.49 W, 0x0000000000000001
2026/09/24 12:02:37.510, 899 MiB, 50 %, 46, 435 MHz, 10.40 W, 0x0000000000000001
2026/09/24 12:02:39.512, 899 MiB, 44 %, 46, 450 MHz, 10.50 W, 0x0000000000000001
2026/09/24 12:02:41.516, 899 MiB, 30 %, 46, 450 MHz, 9.27 W, 0x0000000000000001
2026/09/24 12:02:43.519, 899 MiB, 45 %, 46, 450 MHz, 10.45 W, 0x0000000000000001
2026/09/24 12:02:45.521, 899 MiB, 37 %, 46, 495 MHz, 10.48 W, 0x0000000000000001
2026/09/24 12:02:47.524, 899 MiB, 51 %, 46, 405 MHz, 8.52 W, 0x0000000000000001
2026/09/24 12:02:49.526, 899 MiB, 55 %, 45, 285 MHz, 9.30 W, 0x0000000000000001
2026/09/24 12:02:51.531, 899 MiB, 38 %, 45, 420 MHz, 9.64 W, 0x0000000000000001
2026/09/24 12:02:53.532, 899 MiB, 39 %, 45, 435 MHz, 9.37 W, 0x0000000000000001
2026/09/24 12:02:55.533, 899 MiB, 56 %, 45, 345 MHz, 7.73 W, 0x0000000000000001
2026/09/24 12:02:57.539, 899 MiB, 32 %, 45, 435 MHz, 9.57 W, 0x0000000000000001
2026/09/24 12:02:59.540, 899 MiB, 36 %, 45, 465 MHz, 9.44 W, 0x0000000000000001
2026/09/24 12:03:01.545, 899 MiB, 35 %, 45, 420 MHz, 9.74 W, 0x0000000000000001
2026/09/24 12:03:03.561, 899 MiB, 38 %, 45, 465 MHz, 8.90 W, 0x0000000000000001
2026/09/24 12:03:05.564, 899 MiB, 36 %, 45, 450 MHz, 7.91 W, 0x0000000000000001
2026/09/24 12:03:07.568, 899 MiB, 45 %, 45, 375 MHz, 8.97 W, 0x0000000000000001
2026/09/24 12:03:09.570, 899 MiB, 59 %, 45, 285 MHz, 9.53 W, 0x0000000000000001
2026/09/24 12:03:11.575, 899 MiB, 37 %, 45, 420 MHz, 9.58 W, 0x0000000000000001
2026/09/24 12:03:13.576, 899 MiB, 38 %, 45, 450 MHz, 9.52 W, 0x0000000000000001
2026/09/24 12:03:15.579, 899 MiB, 38 %, 45, 465 MHz, 8.06 W, 0x0000000000000001
2026/09/24 12:03:17.583, 899 MiB, 61 %, 44, 285 MHz, 8.50 W, 0x0000000000000001
2026/09/24 12:03:19.586, 899 MiB, 32 %, 44, 450 MHz, 9.55 W, 0x0000000000000001
2026/09/24 12:03:21.589, 899 MiB, 32 %, 44, 420 MHz, 9.21 W, 0x0000000000000001
2026/09/24 12:03:23.589, 899 MiB, 33 %, 44, 465 MHz, 8.31 W, 0x0000000000000001
2026/09/24 12:03:25.594, 899 MiB, 52 %, 44, 405 MHz, 8.14 W, 0x0000000000000001
2026/09/24 12:03:27.596, 899 MiB, 55 %, 44, 285 MHz, 9.32 W, 0x0000000000000001
2026/09/24 12:03:29.603, 899 MiB, 30 %, 44, 495 MHz, 9.46 W, 0x0000000000000001
2026/09/24 12:03:31.618, 899 MiB, 34 %, 44, 435 MHz, 9.36 W, 0x0000000000000001
2026/09/24 12:03:33.620, 899 MiB, 37 %, 44, 465 MHz, 8.59 W, 0x0000000000000001
2026/09/24 12:03:35.622, 899 MiB, 31 %, 44, 435 MHz, 8.84 W, 0x0000000000000001
2026/09/24 12:03:37.626, 899 MiB, 50 %, 44, 405 MHz, 8.32 W, 0x0000000000000001
2026/09/24 12:03:39.630, 899 MiB, 25 %, 44, 420 MHz, 9.19 W, 0x0000000000000001
2026/09/24 12:03:41.631, 899 MiB, 36 %, 44, 495 MHz, 9.27 W, 0x0000000000000001
2026/09/24 12:03:43.634, 899 MiB, 33 %, 44, 510 MHz, 8.43 W, 0x0000000000000001
2026/09/24 12:03:45.638, 899 MiB, 35 %, 44, 420 MHz, 9.49 W, 0x0000000000000001
2026/09/24 12:03:47.640, 899 MiB, 33 %, 44, 450 MHz, 8.51 W, 0x0000000000000001
2026/09/24 12:03:49.643, 899 MiB, 42 %, 43, 375 MHz, 7.61 W, 0x0000000000000001
2026/09/24 12:03:51.646, 899 MiB, 31 %, 43, 420 MHz, 9.39 W, 0x0000000000000001
2026/09/24 12:03:53.649, 899 MiB, 32 %, 43, 420 MHz, 9.27 W, 0x0000000000000001
2026/09/24 12:03:55.651, 899 MiB, 31 %, 43, 480 MHz, 8.47 W, 0x0000000000000001
2026/09/24 12:03:57.655, 899 MiB, 61 %, 43, 315 MHz, 7.27 W, 0x0000000000000001
2026/09/24 12:03:59.657, 899 MiB, 54 %, 43, 285 MHz, 8.78 W, 0x0000000000000001
2026/09/24 12:04:01.661, 899 MiB, 33 %, 43, 420 MHz, 7.69 W, 0x0000000000000001
2026/09/24 12:04:03.662, 899 MiB, 49 %, 43, 375 MHz, 7.97 W, 0x0000000000000001
2026/09/24 12:04:05.667, 899 MiB, 33 %, 43, 495 MHz, 9.33 W, 0x0000000000000001
2026/09/24 12:04:07.669, 899 MiB, 34 %, 43, 450 MHz, 8.86 W, 0x0000000000000001
2026/09/24 12:04:09.672, 899 MiB, 34 %, 43, 450 MHz, 8.12 W, 0x0000000000000001
2026/09/24 12:04:11.675, 899 MiB, 55 %, 43, 375 MHz, 8.13 W, 0x0000000000000001
2026/09/24 12:04:13.678, 899 MiB, 32 %, 43, 420 MHz, 9.30 W, 0x0000000000000001
2026/09/24 12:04:15.682, 899 MiB, 30 %, 43, 450 MHz, 9.23 W, 0x0000000000000001
2026/09/24 12:04:17.685, 899 MiB, 32 %, 43, 510 MHz, 9.59 W, 0x0000000000000001
2026/09/24 12:04:19.686, 899 MiB, 52 %, 43, 405 MHz, 8.26 W, 0x0000000000000001
2026/09/24 12:04:21.688, 899 MiB, 37 %, 43, 435 MHz, 9.58 W, 0x0000000000000001
2026/09/24 12:04:23.704, 899 MiB, 54 %, 43, 270 MHz, 9.16 W, 0x0000000000000001
2026/09/24 12:04:25.708, 899 MiB, 35 %, 43, 420 MHz, 9.34 W, 0x0000000000000001
2026/09/24 12:04:27.719, 899 MiB, 36 %, 43, 585 MHz, 9.46 W, 0x0000000000000001
2026/09/24 12:04:29.723, 899 MiB, 44 %, 43, 450 MHz, 9.92 W, 0x0000000000000001
2026/09/24 12:04:31.725, 899 MiB, 39 %, 42, 510 MHz, 9.72 W, 0x0000000000000001
2026/09/24 12:04:33.735, 899 MiB, 56 %, 42, 360 MHz, 8.33 W, 0x0000000000000001
2026/09/24 12:04:35.748, 899 MiB, 33 %, 42, 420 MHz, 9.41 W, 0x0000000000000001
2026/09/24 12:04:37.761, 547 MiB, 1 %, 43, 2130 MHz, 10.07 W, 0x0000000000000000
2026/09/24 12:04:39.770, 803 MiB, 1 %, 44, 2130 MHz, 16.13 W, 0x0000000000000000
2026/09/24 12:04:41.771, 803 MiB, 44 %, 50, 2475 MHz, 49.72 W, 0x0000000000000004
2026/09/24 12:04:43.783, 803 MiB, 75 %, 56, 2400 MHz, 53.97 W, 0x0000000000000004
2026/09/24 12:04:45.784, 803 MiB, 73 %, 56, 2430 MHz, 67.01 W, 0x0000000000000004
2026/09/24 12:04:47.799, 317 MiB, 2 %, 49, 2475 MHz, 36.90 W, 0x0000000000000000
2026/09/24 12:04:49.806, 451 MiB, 2 %, 47, 2130 MHz, 15.88 W, 0x0000000000000000
2026/09/24 12:04:51.818, 643 MiB, 64 %, 52, 2130 MHz, 23.67 W, 0x0000000000000000
2026/09/24 12:04:53.834, 643 MiB, 39 %, 55, 2475 MHz, 55.35 W, 0x0000000000000000
2026/09/24 12:04:55.840, 643 MiB, 66 %, 59, 2475 MHz, 55.01 W, 0x0000000000000000
2026/09/24 12:04:57.847, 643 MiB, 67 %, 60, 2475 MHz, 62.63 W, 0x0000000000000000
2026/09/24 12:04:59.855, 643 MiB, 65 %, 60, 2475 MHz, 56.60 W, 0x0000000000000000
2026/09/24 12:05:01.865, 643 MiB, 64 %, 61, 2475 MHz, 61.09 W, 0x0000000000000000
2026/09/24 12:05:03.876, 643 MiB, 66 %, 62, 2460 MHz, 61.73 W, 0x0000000000000000
2026/09/24 12:05:05.879, 643 MiB, 67 %, 63, 2460 MHz, 63.14 W, 0x0000000000000000
2026/09/24 12:05:07.888, 643 MiB, 66 %, 63, 2460 MHz, 63.15 W, 0x0000000000000000
2026/09/24 12:05:09.898, 643 MiB, 65 %, 64, 2460 MHz, 63.25 W, 0x0000000000000000
2026/09/24 12:05:11.908, 643 MiB, 64 %, 64, 2460 MHz, 62.68 W, 0x0000000000000000
2026/09/24 12:05:13.914, 643 MiB, 66 %, 65, 2460 MHz, 63.47 W, 0x0000000000000004
2026/09/24 12:05:15.917, 643 MiB, 68 %, 66, 2460 MHz, 64.45 W, 0x0000000000000000
2026/09/24 12:05:17.920, 643 MiB, 67 %, 67, 2460 MHz, 64.68 W, 0x0000000000000000
2026/09/24 12:05:19.930, 643 MiB, 68 %, 67, 2460 MHz, 64.99 W, 0x0000000000000004
2026/09/24 12:05:21.940, 643 MiB, 67 %, 68, 2460 MHz, 65.12 W, 0x0000000000000000
2026/09/24 12:05:23.943, 643 MiB, 66 %, 68, 2460 MHz, 65.48 W, 0x0000000000000000
2026/09/24 12:05:25.946, 643 MiB, 67 %, 69, 2460 MHz, 65.42 W, 0x0000000000000000
2026/09/24 12:05:27.949, 643 MiB, 66 %, 69, 2460 MHz, 65.40 W, 0x0000000000000004
2026/09/24 12:05:29.952, 643 MiB, 68 %, 69, 2460 MHz, 65.85 W, 0x0000000000000004
2026/09/24 12:05:31.957, 643 MiB, 66 %, 70, 2460 MHz, 65.72 W, 0x0000000000000004
2026/09/24 12:05:33.960, 643 MiB, 68 %, 70, 2445 MHz, 65.97 W, 0x0000000000000000
2026/09/24 12:05:35.963, 643 MiB, 66 %, 71, 2460 MHz, 65.63 W, 0x0000000000000000
2026/09/24 12:05:37.964, 643 MiB, 65 %, 71, 2460 MHz, 66.02 W, 0x0000000000000004
2026/09/24 12:05:39.969, 643 MiB, 66 %, 71, 2460 MHz, 66.06 W, 0x0000000000000004
2026/09/24 12:05:41.973, 643 MiB, 65 %, 72, 2460 MHz, 66.21 W, 0x0000000000000000
2026/09/24 12:05:43.978, 643 MiB, 67 %, 71, 2460 MHz, 64.12 W, 0x0000000000000000
2026/09/24 12:05:45.981, 643 MiB, 65 %, 71, 2460 MHz, 66.16 W, 0x0000000000000000
2026/09/24 12:05:47.991, 643 MiB, 68 %, 73, 2445 MHz, 65.64 W, 0x0000000000000000
2026/09/24 12:05:50.000, 643 MiB, 67 %, 73, 2460 MHz, 66.45 W, 0x0000000000000000
2026/09/24 12:05:52.008, 643 MiB, 68 %, 73, 2460 MHz, 63.64 W, 0x0000000000000004
2026/09/24 12:05:54.023, 643 MiB, 67 %, 73, 2460 MHz, 66.84 W, 0x0000000000000000
2026/09/24 12:05:56.035, 643 MiB, 67 %, 73, 2460 MHz, 66.76 W, 0x0000000000000004
2026/09/24 12:05:58.045, 643 MiB, 67 %, 74, 2445 MHz, 66.73 W, 0x0000000000000004
2026/09/24 12:06:00.050, 643 MiB, 67 %, 74, 2445 MHz, 66.73 W, 0x0000000000000004
2026/09/24 12:06:02.053, 643 MiB, 68 %, 74, 2460 MHz, 66.79 W, 0x0000000000000004
2026/09/24 12:06:04.056, 643 MiB, 68 %, 74, 2460 MHz, 66.70 W, 0x0000000000000004
2026/09/24 12:06:06.059, 643 MiB, 69 %, 74, 2460 MHz, 67.07 W, 0x0000000000000004
2026/09/24 12:06:08.061, 899 MiB, 66 %, 75, 2430 MHz, 66.89 W, 0x0000000000000004
2026/09/24 12:06:10.067, 899 MiB, 68 %, 75, 2445 MHz, 66.84 W, 0x0000000000000004
2026/09/24 12:06:12.069, 899 MiB, 66 %, 75, 2445 MHz, 67.07 W, 0x0000000000000000
2026/09/24 12:06:14.077, 899 MiB, 67 %, 75, 2460 MHz, 66.88 W, 0x0000000000000004
2026/09/24 12:06:16.083, 899 MiB, 67 %, 75, 2430 MHz, 66.98 W, 0x0000000000000004
2026/09/24 12:06:18.094, 899 MiB, 68 %, 76, 2415 MHz, 66.98 W, 0x0000000000000004
2026/09/24 12:06:20.099, 899 MiB, 69 %, 76, 2430 MHz, 67.36 W, 0x0000000000000004
2026/09/24 12:06:22.103, 899 MiB, 68 %, 76, 2445 MHz, 67.24 W, 0x0000000000000004
2026/09/24 12:06:24.115, 899 MiB, 68 %, 76, 2415 MHz, 67.18 W, 0x0000000000000000
2026/09/24 12:06:26.122, 899 MiB, 68 %, 76, 2430 MHz, 67.13 W, 0x0000000000000004
2026/09/24 12:06:28.131, 899 MiB, 68 %, 76, 2445 MHz, 67.19 W, 0x0000000000000004
2026/09/24 12:06:30.136, 899 MiB, 68 %, 76, 2445 MHz, 67.41 W, 0x0000000000000004
2026/09/24 12:06:32.150, 899 MiB, 68 %, 76, 2445 MHz, 67.53 W, 0x0000000000000004
2026/09/24 12:06:34.152, 899 MiB, 68 %, 77, 2430 MHz, 67.14 W, 0x0000000000000000
2026/09/24 12:06:36.154, 899 MiB, 68 %, 77, 2445 MHz, 67.40 W, 0x0000000000000004
2026/09/24 12:06:38.167, 899 MiB, 69 %, 77, 2415 MHz, 67.51 W, 0x0000000000000004
2026/09/24 12:06:40.172, 899 MiB, 69 %, 77, 2430 MHz, 67.32 W, 0x0000000000000004
2026/09/24 12:06:42.189, 899 MiB, 67 %, 77, 2415 MHz, 67.68 W, 0x0000000000000004
2026/09/24 12:06:44.189, 899 MiB, 67 %, 77, 2430 MHz, 67.74 W, 0x0000000000000004
2026/09/24 12:06:46.197, 899 MiB, 67 %, 77, 2445 MHz, 66.98 W, 0x0000000000000004
2026/09/24 12:06:48.205, 899 MiB, 68 %, 77, 2445 MHz, 66.43 W, 0x0000000000000000
2026/09/24 12:06:50.209, 899 MiB, 68 %, 78, 2415 MHz, 66.92 W, 0x0000000000000004
2026/09/24 12:06:52.224, 899 MiB, 69 %, 78, 2415 MHz, 67.67 W, 0x0000000000000004
2026/09/24 12:06:54.232, 899 MiB, 69 %, 78, 2430 MHz, 66.36 W, 0x0000000000000000
2026/09/24 12:06:56.238, 899 MiB, 67 %, 77, 2415 MHz, 67.15 W, 0x0000000000000004
2026/09/24 12:06:58.243, 899 MiB, 69 %, 77, 2445 MHz, 67.42 W, 0x0000000000000004
2026/09/24 12:07:00.245, 899 MiB, 69 %, 77, 2445 MHz, 66.22 W, 0x0000000000000004
2026/09/24 12:07:02.261, 899 MiB, 68 %, 78, 2430 MHz, 66.46 W, 0x0000000000000000
2026/09/24 12:07:04.276, 899 MiB, 68 %, 78, 2430 MHz, 66.44 W, 0x0000000000000000
2026/09/24 12:07:06.285, 899 MiB, 68 %, 78, 2445 MHz, 66.54 W, 0x0000000000000004
2026/09/24 12:07:08.287, 899 MiB, 66 %, 78, 2415 MHz, 67.16 W, 0x0000000000000000
2026/09/24 12:07:10.299, 899 MiB, 68 %, 78, 2445 MHz, 67.49 W, 0x0000000000000004
2026/09/24 12:07:12.313, 899 MiB, 67 %, 79, 2445 MHz, 67.61 W, 0x0000000000000004
2026/09/24 12:07:14.326, 899 MiB, 67 %, 79, 2430 MHz, 67.49 W, 0x0000000000000004
2026/09/24 12:07:16.337, 899 MiB, 66 %, 79, 2415 MHz, 67.60 W, 0x0000000000000004
2026/09/24 12:07:18.342, 899 MiB, 67 %, 78, 2415 MHz, 67.66 W, 0x0000000000000004
2026/09/24 12:07:20.351, 899 MiB, 67 %, 79, 2445 MHz, 66.86 W, 0x0000000000000000
2026/09/24 12:07:22.366, 899 MiB, 69 %, 78, 2415 MHz, 67.72 W, 0x0000000000000004
2026/09/24 12:07:24.367, 899 MiB, 69 %, 79, 2415 MHz, 68.11 W, 0x0000000000000004
2026/09/24 12:07:26.369, 899 MiB, 69 %, 79, 2415 MHz, 67.85 W, 0x0000000000000004
2026/09/24 12:07:28.373, 899 MiB, 68 %, 78, 2400 MHz, 67.73 W, 0x0000000000000004
2026/09/24 12:07:30.386, 899 MiB, 0 %, 75, 2400 MHz, 62.75 W, 0x0000000000000000
2026/09/24 12:07:32.402, 899 MiB, 65 %, 79, 2400 MHz, 59.03 W, 0x0000000000000004
2026/09/24 12:07:34.409, 899 MiB, 22 %, 76, 2430 MHz, 54.07 W, 0x0000000000000004
2026/09/24 12:07:36.422, 899 MiB, 68 %, 79, 2400 MHz, 66.49 W, 0x0000000000000004
2026/09/24 12:07:38.426, 899 MiB, 68 %, 79, 2400 MHz, 66.40 W, 0x0000000000000004
2026/09/24 12:07:40.437, 899 MiB, 65 %, 79, 2445 MHz, 66.69 W, 0x0000000000000004
2026/09/24 12:07:42.450, 899 MiB, 67 %, 79, 2415 MHz, 67.24 W, 0x0000000000000004
2026/09/24 12:07:44.461, 899 MiB, 62 %, 79, 2415 MHz, 67.01 W, 0x0000000000000004
2026/09/24 12:07:46.476, 899 MiB, 63 %, 79, 2445 MHz, 67.12 W, 0x0000000000000004
2026/09/24 12:07:48.477, 899 MiB, 68 %, 78, 2445 MHz, 67.46 W, 0x0000000000000004
2026/09/24 12:07:50.490, 899 MiB, 66 %, 78, 2415 MHz, 67.58 W, 0x0000000000000004
2026/09/24 12:07:52.500, 899 MiB, 66 %, 79, 2415 MHz, 67.66 W, 0x0000000000000004
2026/09/24 12:07:54.511, 899 MiB, 67 %, 79, 2400 MHz, 67.61 W, 0x0000000000000004
2026/09/24 12:07:56.516, 899 MiB, 66 %, 79, 2445 MHz, 67.11 W, 0x0000000000000004
2026/09/24 12:07:58.524, 899 MiB, 68 %, 79, 2415 MHz, 67.25 W, 0x0000000000000004
2026/09/24 12:08:00.534, 899 MiB, 69 %, 78, 2445 MHz, 64.83 W, 0x0000000000000004
2026/09/24 12:08:02.548, 899 MiB, 67 %, 79, 2430 MHz, 66.99 W, 0x0000000000000004
2026/09/24 12:08:04.555, 899 MiB, 67 %, 79, 2400 MHz, 60.10 W, 0x0000000000000004
2026/09/24 12:08:06.570, 899 MiB, 68 %, 78, 2400 MHz, 66.75 W, 0x0000000000000004
2026/09/24 12:08:08.578, 899 MiB, 67 %, 79, 2385 MHz, 67.31 W, 0x0000000000000004
2026/09/24 12:08:10.590, 899 MiB, 67 %, 79, 2445 MHz, 67.25 W, 0x0000000000000000
2026/09/24 12:08:12.605, 899 MiB, 67 %, 79, 2400 MHz, 66.33 W, 0x0000000000000004
2026/09/24 12:08:14.609, 899 MiB, 68 %, 80, 2400 MHz, 67.44 W, 0x0000000000000004
2026/09/24 12:08:16.611, 899 MiB, 69 %, 79, 2430 MHz, 67.22 W, 0x0000000000000004
2026/09/24 12:08:18.614, 899 MiB, 67 %, 79, 2430 MHz, 66.96 W, 0x0000000000000004
2026/09/24 12:08:20.621, 899 MiB, 67 %, 79, 2430 MHz, 66.59 W, 0x0000000000000004
2026/09/24 12:08:22.628, 899 MiB, 65 %, 79, 2445 MHz, 66.84 W, 0x0000000000000004
